fiscal_year,state,district_as_per_source,district_as_per_lgd,district_lgd_code,crop,season,area,production,crop_yield,year,avg_temperature_c,rainfall_mm,humidity_pct,soil_ph,nitrogen_kg_ha,phosphorus_kg_ha,potassium_kg_ha,irrigation_pct
2024-25,Odisha,Sambalpur,Sambalpur,371.0,Rice,Summer,16603.88,69639.3,4194.0,2024,29.6,1187.0,85.3,5.43,303.0,29.0,177.0,62.0
2024-25,Odisha,Sonepur,Sonepur,372.0,Rice,Summer,40999.7,156856.79,3826.0,2024,27.6,1327.0,80.9,5.29,289.0,23.0,176.0,32.0
2024-25,Odisha,Jharsuguda,Jharsuguda,357.0,Rice,Summer,1951.99,7162.65,3669.0,2024,28.5,1516.0,87.7,5.56,271.0,23.0,177.0,45.0
2024-25,Odisha,Bargarh,Bargarh,347.0,Rice,Summer,100936.27,367524.57,3641.0,2024,30.4,1484.0,87.8,6.18,262.0,23.0,187.0,69.0
2024-25,Odisha,Khordha,Khordha,362.0,Rice,Summer,1752.99,6083.98,3471.0,2024,29.8,1297.0,80.3,6.14,279.0,27.0,158.0,44.0
2024-25,Odisha,Kalahandi,Kalahandi,358.0,Rice,Summer,56148.59,187941.95,3347.0,2024,25.5,1778.0,79.4,6.31,231.0,28.0,187.0,49.0
2024-25,Odisha,Cuttack,Cuttack,350.0,Rice,Summer,9377.93,31231.02,3330.0,2024,28.4,1356.0,75.3,5.95,341.0,21.0,172.0,61.0
2024-25,Odisha,Balasore,Balasore,346.0,Rice,Summer,63914.54,205386.08,3213.0,2024,26.8,1237.0,81.5,5.91,305.0,17.0,168.0,20.0
2024-25,Odisha,Puri,Puri,369.0,Rice,Summer,33237.76,105837.13,3184.0,2024,26.8,1623.0,80.5,6.42,281.0,19.0,201.0,61.0
2024-25,Odisha,Bargarh,Bargarh,347.0,Rice,Kharif,215096.49,675189.75,3139.0,2024,27.6,1689.0,85.1,6.46,263.0,25.0,159.0,63.0
2024-25,Odisha,Dhenkanal,Dhenkanal,352.0,Rice,Kharif,90196.99,281589.54,3122.0,2024,27.2,1303.0,76.0,6.1,283.0,24.0,150.0,67.0
2024-25,Odisha,Nayagarh,Nayagarh,367.0,Rice,Summer,42.0,130.02,3096.0,2024,29.2,1198.0,80.9,6.18,313.0,25.0,194.0,83.0
2024-25,Odisha,Kendrapara,Kendrapara,360.0,Rice,Summer,2112.98,6509.29,3081.0,2024,28.1,1635.0,85.9,6.36,320.0,20.0,164.0,50.0
2024-25,Odisha,Angul,Anugul,344.0,Rice,Summer,2811.98,8519.57,3030.0,2024,27.2,1081.0,79.1,6.4,253.0,28.0,187.0,55.0
2024-25,Odisha,Koraput,Koraput,363.0,Rice,Summer,31904.77,96212.37,3016.0,2024,27.7,1229.0,79.0,5.74,251.0,23.0,173.0,46.0
2024-25,Odisha,Jagatsinghapur,Jagatsinghapur,355.0,Rice,Summer,1279.99,3852.72,3010.0,2024,27.5,1624.0,76.2,5.91,358.0,16.0,130.0,49.0
2024-25,Odisha,Angul,Anugul,344.0,Rice,Kharif,88272.1,260889.59,2956.0,2024,29.2,1440.0,92.5,5.71,325.0,25.0,171.0,47.0
2024-25,Odisha,Sonepur,Sonepur,372.0,Rice,Kharif,92931.1,270059.21,2906.0,2024,26.7,1402.0,79.0,6.0,310.0,27.0,177.0,47.0
2024-25,Odisha,Boudh,Boudh,349.0,Rice,Summer,5404.96,15550.75,2877.0,2024,27.5,1514.0,76.8,6.52,280.0,25.0,164.0,29.0
2024-25,Odisha,Ganjam,Ganjam,354.0,Rice,Summer,536.0,1518.9,2834.0,2024,25.7,1423.0,78.8,6.42,317.0,25.0,177.0,41.0
2024-25,Odisha,Koraput,Koraput,363.0,Rice,Kharif,89139.84,251814.43,2825.0,2024,23.2,1216.0,78.9,5.76,240.0,25.0,189.0,70.0
2024-25,Odisha,Nuapada,Nuapada,368.0,Rice,Summer,7497.95,20576.54,2744.0,2024,28.0,1680.0,80.9,6.4,339.0,19.0,194.0,53.0
2024-25,Odisha,Bhadrak,Bhadrak,348.0,Rice,Summer,2612.98,7089.55,2713.0,2024,28.3,1689.0,85.3,6.23,284.0,32.0,181.0,51.0
2024-25,Odisha,Boudh,Boudh,349.0,Rice,Kharif,61742.17,166619.02,2699.0,2024,25.9,1487.0,80.8,6.0,313.0,22.0,148.0,51.0
2024-25,Odisha,Cuttack,Cuttack,350.0,Rice,Kharif,105695.26,283518.02,2682.0,2024,30.4,1458.0,78.3,5.64,308.0,31.0,167.0,63.0
2024-25,Odisha,Keonjhar,Kendujhar,361.0,Rice,Kharif,172252.13,456023.45,2647.0,2024,24.8,1871.0,76.2,6.13,280.0,21.0,151.0,38.0
2024-25,Odisha,Khordha,Khordha,362.0,Rice,Kharif,86440.43,228770.22,2647.0,2024,27.1,1400.0,82.1,6.47,279.0,29.0,156.0,72.0
2024-25,Odisha,Balangir,Balangir,345.0,Rice,Summer,8888.94,23271.69,2618.0,2024,26.7,1403.0,82.2,5.33,328.0,25.0,155.0,27.0
2024-25,Odisha,Kalahandi,Kalahandi,358.0,Rice,Kharif,193227.55,499185.84,2583.0,2024,29.3,1516.0,88.1,6.04,321.0,25.0,164.0,73.0
2024-25,Odisha,Nabarangpur,Nabarangpur,366.0,Rice,Summer,2556.98,6552.18,2562.0,2024,29.2,1715.0,82.4,7.1,223.0,19.0,169.0,64.0
2024-25,Odisha,Puri,Puri,369.0,Rice,Kharif,88729.27,225740.61,2544.0,2024,27.2,1737.0,81.6,6.47,226.0,30.0,207.0,27.0
2024-25,Odisha,Jajpur,Jajapur,356.0,Rice,Summer,3767.97,9467.17,2513.0,2024,27.6,1403.0,77.8,6.3,252.0,26.0,170.0,59.0
2024-25,Odisha,Mayurbhanj,Mayurbhanj,365.0,Rice,Summer,9250.93,22877.28,2473.0,2024,25.7,1505.0,80.8,5.91,254.0,24.0,201.0,64.0
2024-25,Odisha,Rayagada,Rayagada,370.0,Rice,Summer,869.99,2139.99,2460.0,2024,24.0,1202.0,80.2,5.93,246.0,30.0,165.0,40.0
2024-25,Odisha,Rayagada,Rayagada,370.0,Rice,Kharif,52463.84,126356.59,2408.0,2024,26.5,1394.0,80.5,6.17,295.0,24.0,180.0,57.0
2024-25,Odisha,Nabarangpur,Nabarangpur,366.0,Rice,Kharif,98521.31,230641.13,2341.0,2024,27.2,1299.0,78.2,6.84,269.0,35.0,158.0,35.0
2024-25,Odisha,Sundargarh,Sundargarh,373.0,Rice,Summer,1661.99,3872.06,2330.0,2024,28.8,1269.0,84.2,6.39,327.0,29.0,166.0,71.0
2024-25,Odisha,Sambalpur,Sambalpur,371.0,Rice,Kharif,95281.43,221674.07,2327.0,2024,28.8,1753.0,81.4,5.85,336.0,22.0,151.0,69.0
2024-25,Odisha,Ganjam,Ganjam,354.0,Rice,Kharif,261718.23,605318.66,2313.0,2024,26.4,1307.0,81.2,6.67,284.0,31.0,179.0,58.0
2024-25,Odisha,Jagatsinghapur,Jagatsinghapur,355.0,Rice,Kharif,78982.86,180047.68,2280.0,2024,26.5,1354.0,75.1,6.08,344.0,24.0,149.0,20.0
2024-25,Odisha,Jharsuguda,Jharsuguda,357.0,Rice,Kharif,29477.25,66868.69,2268.0,2024,25.4,1516.0,84.0,6.88,286.0,34.0,159.0,57.0
2024-25,Odisha,Malkangiri,Malkangiri,364.0,Rice,Summer,4809.97,10793.77,2244.0,2024,24.9,1684.0,83.9,5.97,270.0,24.0,169.0,55.0
2024-25,Odisha,Nayagarh,Nayagarh,367.0,Rice,Kharif,86471.18,193723.12,2240.0,2024,24.4,1537.0,78.6,5.8,287.0,24.0,174.0,48.0
2024-25,Odisha,Deogarh,Deogarh,351.0,Rice,Kharif,31760.15,70963.15,2234.0,2024,29.9,1947.0,86.0,6.27,318.0,24.0,175.0,36.0
2024-25,Odisha,Malkangiri,Malkangiri,364.0,Rice,Kharif,107231.4,235748.32,2199.0,2024,26.2,1437.0,76.5,6.59,228.0,26.0,156.0,45.0
2024-25,Odisha,Dhenkanal,Dhenkanal,352.0,Rice,Summer,293.0,639.28,2182.0,2024,26.3,1497.0,81.9,6.61,278.0,32.0,138.0,51.0
2024-25,Odisha,Balangir,Balangir,345.0,Rice,Kharif,153853.14,335226.21,2179.0,2024,25.1,1500.0,80.9,6.26,295.0,25.0,120.0,56.0
2024-25,Odisha,Mayurbhanj,Mayurbhanj,365.0,Rice,Kharif,344005.43,734276.76,2134.0,2024,28.2,1708.0,76.7,5.8,298.0,23.0,147.0,68.0
2024-25,Odisha,Nuapada,Nuapada,368.0,Rice,Kharif,57406.47,122190.67,2129.0,2024,24.6,1541.0,82.8,6.0,272.0,22.0,152.0,67.0
2024-25,Odisha,Balasore,Balasore,346.0,Rice,Kharif,171262.41,359565.45,2100.0,2024,26.7,1429.0,88.8,5.39,302.0,28.0,151.0,61.0
2024-25,Odisha,Kendrapara,Kendrapara,360.0,Rice,Kharif,123101.55,254354.32,2066.0,2024,25.7,1279.0,82.3,5.83,295.0,21.0,148.0,43.0
2024-25,Odisha,Keonjhar,Kendujhar,361.0,Rice,Summer,1301.99,2658.01,2041.0,2024,27.6,1494.0,80.1,6.13,264.0,18.0,174.0,61.0
2024-25,Odisha,Jajpur,Jajapur,356.0,Rice,Kharif,106389.45,217008.75,2040.0,2024,26.2,1702.0,83.8,6.36,361.0,19.0,160.0,68.0
2024-25,Odisha,Kandhamal,Kandhamal,359.0,Rice,Summer,446.0,880.67,1975.0,2024,25.2,1376.0,82.4,6.06,300.0,22.0,162.0,68.0
2024-25,Odisha,Bhadrak,Bhadrak,348.0,Rice,Kharif,135068.38,262134.96,1941.0,2024,27.0,1545.0,82.1,6.18,273.0,23.0,149.0,72.0
2024-25,Odisha,Gajapati,Gajapati,353.0,Rice,Summer,1556.99,2948.3,1894.0,2024,27.6,1494.0,80.3,6.04,265.0,29.0,198.0,23.0
2024-25,Odisha,Gajapati,Gajapati,353.0,Rice,Kharif,32988.86,61545.78,1866.0,2024,27.1,1605.0,87.7,6.5,321.0,21.0,159.0,36.0
2024-25,Odisha,Sundargarh,Sundargarh,373.0,Rice,Kharif,127950.96,202457.59,1582.0,2024,27.5,1305.0,83.8,5.84,289.0,30.0,118.0,52.0
2024-25,Odisha,Kandhamal,Kandhamal,359.0,Rice,Kharif,41647.38,64086.16,1539.0,2024,26.0,1872.0,79.9,6.54,374.0,16.0,149.0,70.0
2024-25,Odisha,Deogarh,Deogarh,351.0,Rice,Summer,8.0,10.93,1366.0,2024,26.5,1220.0,81.6,6.98,270.0,37.0,138.0,71.0
2024-25,Odisha,State Total,,,Rice,Summer,414540.01,1383734.51,3.3379998953538887,2024,26.0,1384.0,79.0,6.39,242.0,16.0,137.0,49.0
2024-25,Odisha,State Total,,,Rice,Kharif,3419305.01,8143587.74,2.3816499891596394,2024,26.5,1619.0,79.6,5.99,284.0,25.0,174.0,89.0
2023-24,Odisha,Sonepur,Sonepur,372.0,Rice,Kharif,104592.0,260322.42,2489.0,2023,25.8,1503.0,79.4,5.99,291.0,23.0,213.0,30.0
2023-24,Odisha,Dhenkanal,Dhenkanal,352.0,Rice,Kharif,88937.0,221274.7,2488.0,2023,24.4,1599.0,77.5,6.68,211.0,20.0,141.0,53.0
2023-24,Odisha,Angul,Anugul,344.0,Rice,Kharif,120016.0,279841.56,2332.0,2023,27.3,1361.0,85.1,5.75,274.0,27.0,157.0,68.0
2023-24,Odisha,Bargarh,Bargarh,347.0,Rice,Kharif,249400.0,577078.43,2314.0,2023,26.4,1437.0,80.8,5.82,272.0,29.0,149.0,51.0
2023-24,Odisha,Boudh,Boudh,349.0,Rice,Kharif,62100.0,143603.7,2312.0,2023,24.6,1452.0,84.2,5.73,272.0,23.0,122.0,44.0
2023-24,Odisha,Keonjhar,Kendujhar,361.0,Rice,Kharif,155202.0,356567.28,2297.0,2023,27.7,1732.0,79.3,5.69,263.0,30.0,188.0,76.0
2023-24,Odisha,Sambalpur,Sambalpur,371.0,Rice,Kharif,109246.0,250678.48,2295.0,2023,25.6,1574.0,81.8,5.78,238.0,24.0,146.0,56.0
2023-24,Odisha,Koraput,Koraput,363.0,Rice,Kharif,101955.0,231651.48,2272.0,2023,27.1,1593.0,79.2,6.52,312.0,19.0,180.0,61.0
2023-24,Odisha,Cuttack,Cuttack,350.0,Rice,Kharif,106309.0,230766.76,2171.0,2023,28.1,1332.0,84.9,6.64,265.0,24.0,191.0,76.0
2023-24,Odisha,Rayagada,Rayagada,370.0,Rice,Kharif,54510.0,116995.42,2146.0,2023,27.2,1624.0,81.0,5.92,249.0,21.0,163.0,46.0
2023-24,Odisha,Jharsuguda,Jharsuguda,357.0,Rice,Kharif,35349.0,75123.36,2125.0,2023,28.7,1491.0,79.1,6.28,258.0,26.0,144.0,61.0
2023-24,Odisha,Kalahandi,Kalahandi,358.0,Rice,Kharif,193094.0,409092.77,2119.0,2023,25.1,1700.0,75.4,6.5,268.0,22.0,110.0,52.0
2023-24,Odisha,Deogarh,Deogarh,351.0,Rice,Kharif,38433.0,80126.16,2085.0,2023,27.6,1813.0,83.1,6.24,289.0,24.0,178.0,40.0
2023-24,Odisha,Puri,Puri,369.0,Rice,Kharif,84741.0,176670.33,2085.0,2023,26.0,1395.0,79.2,5.82,308.0,19.0,208.0,74.0
2023-24,Odisha,Jagatsinghapur,Jagatsinghapur,355.0,Rice,Kharif,79127.0,164706.14,2082.0,2023,25.7,1377.0,81.9,5.61,252.0,29.0,156.0,66.0
2023-24,Odisha,Nabarangpur,Nabarangpur,366.0,Rice,Kharif,125741.0,256482.72,2040.0,2023,26.1,1294.0,80.0,6.6,268.0,22.0,174.0,62.0
2023-24,Odisha,Balasore,Balasore,346.0,Rice,Kharif,178991.0,352751.24,1971.0,2023,26.5,1424.0,85.8,6.4,238.0,19.0,157.0,59.0
2023-24,Odisha,Bhadrak,Bhadrak,348.0,Rice,Kharif,144129.0,267540.38,1856.0,2023,27.1,1381.0,84.2,6.43,166.0,37.0,153.0,79.0
2023-24,Odisha,Balangir,Balangir,345.0,Rice,Kharif,174715.0,317181.71,1815.0,2023,25.3,1515.0,83.8,5.76,290.0,17.0,196.0,20.0
2023-24,Odisha,Ganjam,Ganjam,354.0,Rice,Kharif,289194.0,518494.45,1793.0,2023,28.4,1424.0,79.5,6.29,338.0,27.0,168.0,54.0
2023-24,Odisha,Mayurbhanj,Mayurbhanj,365.0,Rice,Kharif,297311.0,532489.22,1791.0,2023,27.7,1385.0,83.9,6.45,303.0,13.0,165.0,36.0
2023-24,Odisha,Kendrapara,Kendrapara,360.0,Rice,Kharif,121225.0,208410.98,1719.0,2023,24.7,1642.0,88.9,6.33,267.0,26.0,168.0,62.0
2023-24,Odisha,Nayagarh,Nayagarh,367.0,Rice,Kharif,88898.0,150789.68,1696.0,2023,29.2,1281.0,78.7,5.9,288.0,25.0,167.0,76.0
2023-24,Odisha,Khordha,Khordha,362.0,Rice,Kharif,86352.0,145214.73,1682.0,2023,29.8,1528.0,82.7,6.6,244.0,23.0,133.0,45.0
2023-24,Odisha,Malkangiri,Malkangiri,364.0,Rice,Kharif,118859.0,197035.39,1658.0,2023,28.8,1377.0,75.4,5.59,281.0,17.0,162.0,81.0
2023-24,Odisha,Nuapada,Nuapada,368.0,Rice,Kharif,105074.0,169054.82,1609.0,2023,26.7,1580.0,87.6,6.57,270.0,20.0,199.0,64.0
2023-24,Odisha,Jajpur,Jajapur,356.0,Rice,Kharif,131099.0,209388.49,1597.0,2023,25.4,1699.0,80.4,6.63,255.0,20.0,181.0,70.0
2023-24,Odisha,Sundargarh,Sundargarh,373.0,Rice,Kharif,180475.0,272156.84,1508.0,2023,28.6,1395.0,85.1,6.83,299.0,18.0,154.0,70.0
2023-24,Odisha,Gajapati,Gajapati,353.0,Rice,Kharif,39633.0,57906.53,1461.0,2023,26.4,1529.0,75.1,6.06,376.0,19.0,169.0,64.0
2023-24,Odisha,Kandhamal,Kandhamal,359.0,Rice,Kharif,36030.0,49953.54,1386.0,2023,28.8,1482.0,89.2,5.8,343.0,31.0,190.0,44.0
2023-24,Odisha,State Total,,,Rice,Kharif,3700737.0,7279349.71,1.9670000083767096,2023,27.3,1306.0,80.6,6.52,282.0,26.0,172.0,47.0
2023-24,Odisha,State Total,,,Rice,Summer,371200.0,0.0,0.0,2023,28.5,1493.0,84.2,5.92,316.0,31.0,215.0,58.0
2023-24,Odisha,Angul,Anugul,344.0,Rice,Summer,970.5,,,2023,27.5,1502.0,82.6,6.22,315.0,19.0,172.0,51.0
2023-24,Odisha,Balangir,Balangir,345.0,Rice,Summer,5938.28,,,2023,28.1,1524.0,81.0,6.07,262.0,22.0,170.0,66.0
2023-24,Odisha,Balasore,Balasore,346.0,Rice,Summer,50263.96,,,2023,27.0,1414.0,88.7,5.84,308.0,15.0,143.0,24.0
2023-24,Odisha,Bargarh,Bargarh,347.0,Rice,Summer,97597.23,,,2023,29.7,1467.0,75.4,6.33,235.0,18.0,132.0,63.0
2023-24,Odisha,Bhadrak,Bhadrak,348.0,Rice,Summer,1950.6,,,2023,27.2,1243.0,83.2,5.64,257.0,23.0,186.0,57.0
2023-24,Odisha,Boudh,Boudh,349.0,Rice,Summer,3411.15,,,2023,27.6,1386.0,85.6,6.44,293.0,22.0,157.0,54.0
2023-24,Odisha,Cuttack,Cuttack,350.0,Rice,Summer,2171.6,,,2023,29.8,1550.0,81.9,5.81,270.0,33.0,150.0,57.0
2023-24,Odisha,Deogarh,Deogarh,351.0,Rice,Summer,230.61,,,2023,25.0,1611.0,81.5,5.51,346.0,25.0,176.0,25.0
2023-24,Odisha,Dhenkanal,Dhenkanal,352.0,Rice,Summer,855.19,,,2023,25.1,1374.0,81.4,6.18,308.0,23.0,153.0,68.0
2023-24,Odisha,Gajapati,Gajapati,353.0,Rice,Summer,1172.28,,,2023,28.5,1469.0,77.1,6.37,272.0,26.0,179.0,58.0
2023-24,Odisha,Ganjam,Ganjam,354.0,Rice,Summer,19.22,,,2023,25.2,1491.0,82.2,6.43,269.0,24.0,170.0,95.0
2023-24,Odisha,Jagatsinghapur,Jagatsinghapur,355.0,Rice,Summer,1085.8,,,2023,29.9,1486.0,84.1,6.53,292.0,19.0,152.0,69.0
2023-24,Odisha,Jajpur,Jajapur,356.0,Rice,Summer,4102.98,,,2023,26.4,1547.0,82.3,5.26,248.0,21.0,170.0,61.0
2023-24,Odisha,Jharsuguda,Jharsuguda,357.0,Rice,Summer,1844.9,,,2023,25.9,1123.0,80.9,5.8,306.0,31.0,135.0,42.0
2023-24,Odisha,Kalahandi,Kalahandi,358.0,Rice,Summer,60218.75,,,2023,29.9,1441.0,80.0,6.24,237.0,31.0,174.0,45.0
2023-24,Odisha,Kandhamal,Kandhamal,359.0,Rice,Summer,624.58,,,2023,29.2,1493.0,80.9,6.81,307.0,25.0,155.0,44.0
2023-24,Odisha,Kendrapara,Kendrapara,360.0,Rice,Summer,826.36,,,2023,29.8,1270.0,87.0,6.51,279.0,29.0,164.0,87.0
2023-24,Odisha,Keonjhar,Kendujhar,361.0,Rice,Summer,778.32,,,2023,28.4,1751.0,73.7,6.96,300.0,32.0,190.0,46.0
2023-24,Odisha,Khordha,Khordha,362.0,Rice,Summer,5063.87,,,2023,25.7,1479.0,82.2,5.99,250.0,22.0,166.0,35.0
2023-24,Odisha,Koraput,Koraput,363.0,Rice,Summer,28019.45,,,2023,29.9,1731.0,80.7,6.31,294.0,25.0,152.0,72.0
2023-24,Odisha,Malkangiri,Malkangiri,364.0,Rice,Summer,1239.54,,,2023,26.6,1308.0,87.8,5.76,369.0,25.0,185.0,71.0
2023-24,Odisha,Mayurbhanj,Mayurbhanj,365.0,Rice,Summer,3651.37,,,2023,28.2,1287.0,82.2,6.04,269.0,20.0,164.0,56.0
2023-24,Odisha,Nabarangpur,Nabarangpur,366.0,Rice,Summer,1162.67,,,2023,28.4,1490.0,87.9,5.91,296.0,26.0,189.0,72.0
2023-24,Odisha,Nayagarh,Nayagarh,367.0,Rice,Summer,9.61,,,2023,26.8,1148.0,73.5,5.95,338.0,18.0,150.0,62.0
2023-24,Odisha,Nuapada,Nuapada,368.0,Rice,Summer,9656.91,,,2023,27.9,1489.0,83.8,6.04,312.0,25.0,159.0,39.0
2023-24,Odisha,Puri,Puri,369.0,Rice,Summer,34034.59,,,2023,28.4,1467.0,83.1,6.2,300.0,23.0,145.0,90.0
2023-24,Odisha,Rayagada,Rayagada,370.0,Rice,Summer,336.31,,,2023,27.6,1633.0,87.6,6.21,250.0,26.0,139.0,25.0
2023-24,Odisha,Sambalpur,Sambalpur,371.0,Rice,Summer,12895.09,,,2023,25.4,1576.0,75.4,6.42,240.0,17.0,168.0,53.0
2023-24,Odisha,Sonepur,Sonepur,372.0,Rice,Summer,39357.9,,,2023,27.4,1375.0,81.4,6.26,287.0,21.0,153.0,80.0
2023-24,Odisha,Sundargarh,Sundargarh,373.0,Rice,Summer,1710.38,,,2023,29.0,1252.0,82.3,6.06,269.0,33.0,150.0,88.0
2022-23,Odisha,Jharsuguda,Jharsuguda,357.0,Rice,Summer,1080.0,4910.0,4.55,2022,26.0,1758.0,80.0,5.99,284.0,23.0,168.0,44.0
2022-23,Odisha,Sambalpur,Sambalpur,371.0,Rice,Summer,11400.0,51770.0,4.54,2022,26.8,1307.0,86.9,6.08,292.0,24.0,144.0,58.0
2022-23,Odisha,Bargarh,Bargarh,347.0,Rice,Winter,205710.0,857530.0,4.17,2022,26.3,1262.0,80.6,6.02,261.0,21.0,163.0,43.0
2022-23,Odisha,Sonepur,Sonepur,372.0,Rice,Summer,37010.0,149170.0,4.03,2022,29.8,1255.0,90.1,6.4,302.0,24.0,155.0,80.0
2022-23,Odisha,Bargarh,Bargarh,347.0,Rice,Summer,90730.0,364430.0,4.02,2022,28.0,1651.0,86.2,6.55,350.0,26.0,202.0,62.0
2022-23,Odisha,Kendrapara,Kendrapara,360.0,Rice,Summer,490.0,1930.0,3.94,2022,27.6,1357.0,85.8,6.71,250.0,22.0,148.0,53.0
2022-23,Odisha,Kalahandi,Kalahandi,358.0,Rice,Summer,45670.0,170500.0,3.73,2022,25.8,1314.0,84.2,5.88,269.0,23.0,138.0,66.0
2022-23,Odisha,State Total,,,Rice,Summer,335510.0,1248690.0,3.7217668623886015,2022,27.8,1475.0,77.7,6.39,283.0,23.0,154.0,35.0
2022-23,Odisha,Sonepur,Sonepur,372.0,Rice,Winter,105340.0,392250.0,3.72,2022,26.0,1413.0,80.3,5.64,325.0,25.0,168.0,39.0
2022-23,Odisha,Baleshwar,Balasore,346.0,Rice,Summer,47130.0,174490.0,3.7,2022,27.0,1328.0,84.3,6.35,243.0,30.0,147.0,62.0
2022-23,Odisha,Cuttack,Cuttack,350.0,Rice,Summer,2340.0,8610.0,3.68,2022,26.0,1586.0,84.7,6.63,248.0,21.0,154.0,77.0
2022-23,Odisha,Khordha,Khordha,362.0,Rice,Summer,1860.0,6680.0,3.59,2022,28.0,1642.0,87.2,6.14,209.0,28.0,139.0,54.0
2022-23,Odisha,Kendujhar,Kendujhar,361.0,Rice,Autumn,17910.0,63570.0,3.55,2022,27.9,1627.0,80.1,6.63,270.0,28.0,148.0,63.0
2022-23,Odisha,Kendujhar,Kendujhar,361.0,Rice,Winter,155860.0,543520.0,3.49,2022,26.7,1588.0,78.6,5.74,309.0,25.0,172.0,43.0
2022-23,Odisha,Puri,Puri,369.0,Rice,Summer,35920.0,125510.0,3.49,2022,27.6,1522.0,85.4,5.84,322.0,29.0,183.0,84.0
2022-23,Odisha,Jagatsinghapur,Jagatsinghapur,355.0,Rice,Summer,640.0,2190.0,3.42,2022,25.4,1130.0,78.8,6.15,298.0,24.0,173.0,71.0
2022-23,Odisha,Boudh,Boudh,349.0,Rice,Winter,65020.0,221770.0,3.41,2022,24.8,1750.0,85.5,6.61,264.0,25.0,184.0,78.0
2022-23,Odisha,Anugul,Anugul,344.0,Rice,Winter,117080.0,396620.0,3.39,2022,27.7,1504.0,86.8,6.03,310.0,23.0,163.0,83.0
2022-23,Odisha,Dhenkanal,Dhenkanal,352.0,Rice,Winter,85970.0,291590.0,3.39,2022,27.3,1559.0,83.8,6.02,292.0,23.0,178.0,54.0
2022-23,Odisha,Nabarangpur,Nabarangpur,366.0,Rice,Winter,111520.0,375810.0,3.37,2022,28.0,1651.0,80.6,5.8,218.0,23.0,173.0,53.0
2022-23,Odisha,Balangir,Balangir,345.0,Rice,Summer,9080.0,30410.0,3.35,2022,30.6,1708.0,82.2,6.28,242.0,15.0,165.0,28.0
2022-23,Odisha,Koraput,Koraput,363.0,Rice,Winter,88880.0,295250.0,3.32,2022,28.4,1525.0,84.4,6.7,338.0,27.0,116.0,51.0
2022-23,Odisha,Rayagada,Rayagada,370.0,Rice,Winter,48570.0,156900.0,3.23,2022,25.6,1528.0,82.0,6.48,296.0,22.0,162.0,68.0
2022-23,Odisha,Sambalpur,Sambalpur,371.0,Rice,Winter,75790.0,244210.0,3.22,2022,28.7,1342.0,90.8,6.48,237.0,17.0,183.0,74.0
2022-23,Odisha,Anugul,Anugul,344.0,Rice,Summer,1180.0,3780.0,3.2,2022,25.0,1456.0,78.0,6.12,314.0,29.0,149.0,62.0
2022-23,Odisha,Koraput,Koraput,363.0,Rice,Summer,28100.0,88100.0,3.14,2022,26.3,1296.0,78.0,5.97,322.0,19.0,201.0,56.0
2022-23,Odisha,Nuapada,Nuapada,368.0,Rice,Summer,11150.0,34500.0,3.09,2022,26.9,1320.0,78.1,6.47,270.0,28.0,182.0,73.0
2022-23,Odisha,Ganjam,Ganjam,354.0,Rice,Winter,293390.0,897490.0,3.06,2022,29.6,1289.0,79.6,6.19,308.0,20.0,195.0,64.0
2022-23,Odisha,Kalahandi,Kalahandi,358.0,Rice,Winter,172460.0,528030.0,3.06,2022,25.9,1422.0,73.3,6.13,154.0,29.0,200.0,49.0
2022-23,Odisha,Bargarh,Bargarh,347.0,Rice,Autumn,29520.0,89320.0,3.03,2022,25.8,1639.0,79.5,6.56,319.0,33.0,123.0,56.0
2022-23,Odisha,Ganjam,Ganjam,354.0,Rice,Summer,170.0,510.0,3.0,2022,26.9,2021.0,79.4,6.12,326.0,16.0,184.0,62.0
2022-23,Odisha,State Total,,,Rice,Winter,3349880.0,9978410.0,2.978736551757078,2022,26.0,1484.0,82.3,5.86,246.0,23.0,170.0,42.0
2022-23,Odisha,Baleshwar,Balasore,346.0,Rice,Winter,173010.0,511770.0,2.96,2022,28.7,1207.0,83.7,6.56,295.0,29.0,189.0,20.0
2022-23,Odisha,Khordha,Khordha,362.0,Rice,Winter,80220.0,236890.0,2.95,2022,25.4,1678.0,77.0,6.23,273.0,25.0,185.0,69.0
2022-23,Odisha,Kendujhar,Kendujhar,361.0,Rice,Summer,1380.0,4000.0,2.9,2022,25.3,1396.0,85.6,5.79,281.0,25.0,154.0,43.0
2022-23,Odisha,Cuttack,Cuttack,350.0,Rice,Winter,109760.0,317020.0,2.89,2022,26.3,1331.0,89.2,5.75,270.0,29.0,145.0,72.0
2022-23,Odisha,Bhadrak,Bhadrak,348.0,Rice,Winter,139640.0,400550.0,2.87,2022,26.3,1488.0,81.2,6.24,238.0,20.0,145.0,68.0
2022-23,Odisha,Jagatsinghapur,Jagatsinghapur,355.0,Rice,Winter,76030.0,216620.0,2.85,2022,29.9,1227.0,88.3,7.13,351.0,18.0,168.0,56.0
2022-23,Odisha,Deogarh,Deogarh,351.0,Rice,Winter,31270.0,88730.0,2.84,2022,28.4,1490.0,82.8,6.04,274.0,20.0,146.0,85.0
2022-23,Odisha,Dhenkanal,Dhenkanal,352.0,Rice,Summer,250.0,710.0,2.84,2022,27.1,1434.0,90.0,6.07,289.0,31.0,146.0,68.0
2022-23,Odisha,Malkangiri,Malkangiri,364.0,Rice,Winter,116320.0,328930.0,2.83,2022,25.2,1468.0,86.5,6.81,250.0,20.0,153.0,53.0
2022-23,Odisha,Mayurbhanj,Mayurbhanj,365.0,Rice,Summer,3220.0,9050.0,2.81,2022,28.3,1519.0,75.7,6.18,249.0,16.0,172.0,82.0
2022-23,Odisha,Nayagarh,Nayagarh,367.0,Rice,Summer,50.0,140.0,2.8,2022,25.5,1462.0,82.1,5.62,299.0,30.0,149.0,42.0
2022-23,Odisha,Boudh,Boudh,349.0,Rice,Summer,2230.0,6230.0,2.79,2022,24.7,1453.0,86.2,5.57,303.0,21.0,186.0,20.0
2022-23,Odisha,Mayurbhanj,Mayurbhanj,365.0,Rice,Winter,300180.0,830190.0,2.77,2022,28.8,1501.0,82.1,6.69,316.0,22.0,149.0,53.0
2022-23,Odisha,Sundargarh,Sundargarh,373.0,Rice,Summer,300.0,830.0,2.77,2022,27.5,1525.0,81.9,6.47,324.0,17.0,192.0,72.0
2022-23,Odisha,Nayagarh,Nayagarh,367.0,Rice,Winter,91940.0,252940.0,2.75,2022,28.4,1264.0,87.1,6.53,278.0,27.0,145.0,65.0
2022-23,Odisha,Bhadrak,Bhadrak,348.0,Rice,Summer,1420.0,3880.0,2.73,2022,27.5,1193.0,79.2,6.18,269.0,27.0,161.0,54.0
2022-23,Odisha,Nabarangpur,Nabarangpur,366.0,Rice,Autumn,21820.0,58380.0,2.68,2022,28.3,1439.0,82.1,5.91,311.0,21.0,167.0,68.0
2022-23,Odisha,Nuapada,Nuapada,368.0,Rice,Winter,64610.0,169060.0,2.62,2022,26.0,1192.0,83.3,6.11,263.0,18.0,146.0,46.0
2022-23,Odisha,Gajapati,Gajapati,353.0,Rice,Winter,31500.0,81490.0,2.59,2022,25.4,1466.0,80.7,6.25,316.0,15.0,150.0,40.0
2022-23,Odisha,Kandhamal,Kandhamal,359.0,Rice,Summer,210.0,540.0,2.57,2022,28.0,1619.0,81.9,5.86,298.0,27.0,170.0,50.0
2022-23,Odisha,Malkangiri,Malkangiri,364.0,Rice,Summer,270.0,680.0,2.52,2022,25.8,1559.0,85.1,6.42,325.0,37.0,156.0,47.0
2022-23,Odisha,Jajapur,Jajapur,356.0,Rice,Summer,770.0,1920.0,2.49,2022,26.0,1261.0,83.7,5.7,308.0,26.0,154.0,43.0
2022-23,Odisha,Jajapur,Jajapur,356.0,Rice,Winter,101170.0,250970.0,2.48,2022,26.3,1295.0,78.8,6.07,248.0,27.0,157.0,56.0
2022-23,Odisha,Rayagada,Rayagada,370.0,Rice,Summer,430.0,1050.0,2.44,2022,27.0,1509.0,77.6,6.12,255.0,25.0,169.0,77.0
2022-23,Odisha,Nabarangpur,Nabarangpur,366.0,Rice,Summer,430.0,1040.0,2.42,2022,26.5,1378.0,78.8,5.92,311.0,26.0,148.0,53.0
2022-23,Odisha,Boudh,Boudh,349.0,Rice,Autumn,3500.0,8360.0,2.39,2022,24.9,1393.0,82.0,5.32,352.0,23.0,198.0,44.0
2022-23,Odisha,Koraput,Koraput,363.0,Rice,Autumn,15520.0,36640.0,2.36,2022,26.0,1557.0,81.4,6.38,239.0,25.0,127.0,50.0
2022-23,Odisha,Balangir,Balangir,345.0,Rice,Winter,127870.0,297500.0,2.33,2022,23.7,1272.0,78.7,5.9,286.0,20.0,166.0,55.0
2022-23,Odisha,Kandhamal,Kandhamal,359.0,Rice,Winter,41190.0,95070.0,2.31,2022,27.9,1378.0,79.6,6.73,295.0,18.0,162.0,66.0
2022-23,Odisha,Kendrapara,Kendrapara,360.0,Rice,Winter,120050.0,272650.0,2.27,2022,24.6,1306.0,75.9,6.06,232.0,25.0,158.0,70.0
2022-23,Odisha,Kendrapara,Kendrapara,360.0,Rice,Autumn,570.0,1260.0,2.21,2022,25.3,1262.0,83.7,5.98,302.0,24.0,137.0,84.0
2022-23,Odisha,Dhenkanal,Dhenkanal,352.0,Rice,Autumn,250.0,530.0,2.12,2022,27.1,1296.0,81.8,6.24,282.0,18.0,177.0,50.0
2022-23,Odisha,Jharsuguda,Jharsuguda,357.0,Rice,Winter,24270.0,51520.0,2.12,2022,25.9,1572.0,77.0,6.62,212.0,21.0,132.0,66.0
2022-23,Odisha,Mayurbhanj,Mayurbhanj,365.0,Rice,Autumn,15830.0,33380.0,2.11,2022,29.3,1459.0,82.1,5.97,342.0,22.0,175.0,55.0
2022-23,Odisha,Nuapada,Nuapada,368.0,Rice,Autumn,31100.0,64900.0,2.09,2022,25.1,1292.0,87.4,6.61,255.0,28.0,163.0,43.0
2022-23,Odisha,Sonepur,Sonepur,372.0,Rice,Autumn,6980.0,14060.0,2.01,2022,27.4,1408.0,79.0,6.78,240.0,25.0,154.0,58.0
2022-23,Odisha,Deogarh,Deogarh,351.0,Rice,Summer,10.0,20.0,2.0,2022,26.9,1155.0,87.3,6.6,300.0,23.0,139.0,25.0
2022-23,Odisha,Khordha,Khordha,362.0,Rice,Autumn,10.0,20.0,2.0,2022,25.2,1318.0,80.7,6.85,305.0,16.0,151.0,52.0
2022-23,Odisha,Puri,Puri,369.0,Rice,Winter,85670.0,170730.0,1.99,2022,27.8,1837.0,82.8,6.72,311.0,25.0,118.0,57.0
2022-23,Odisha,Cuttack,Cuttack,350.0,Rice,Autumn,1320.0,2610.0,1.98,2022,26.7,1434.0,82.4,6.81,271.0,27.0,177.0,54.0
2022-23,Odisha,Gajapati,Gajapati,353.0,Rice,Summer,590.0,1110.0,1.88,2022,28.2,1582.0,87.6,6.84,285.0,35.0,168.0,47.0
2022-23,Odisha,Sundargarh,Sundargarh,373.0,Rice,Winter,109590.0,204810.0,1.87,2022,28.2,1438.0,82.6,6.28,259.0,26.0,175.0,65.0
2022-23,Odisha,State Total,,,Rice,Autumn,378780.0,705450.0,1.8624267384761604,2022,30.2,1513.0,77.4,6.03,239.0,29.0,141.0,50.0
2022-23,Odisha,Deogarh,Deogarh,351.0,Rice,Autumn,8870.0,15150.0,1.71,2022,29.0,1569.0,76.8,5.3,323.0,29.0,153.0,45.0
2022-23,Odisha,Malkangiri,Malkangiri,364.0,Rice,Autumn,14000.0,23990.0,1.71,2022,26.4,1251.0,75.9,5.67,281.0,15.0,177.0,58.0
2022-23,Odisha,Kalahandi,Kalahandi,358.0,Rice,Autumn,25320.0,43010.0,1.7,2022,26.6,1444.0,75.2,6.02,279.0,23.0,170.0,53.0
2022-23,Odisha,Anugul,Anugul,344.0,Rice,Autumn,740.0,1200.0,1.62,2022,28.6,1734.0,82.2,6.05,215.0,23.0,187.0,72.0
2022-23,Odisha,Kandhamal,Kandhamal,359.0,Rice,Autumn,1120.0,1750.0,1.56,2022,28.0,1307.0,78.2,6.14,279.0,22.0,173.0,65.0
2022-23,Odisha,Sundargarh,Sundargarh,373.0,Rice,Autumn,65790.0,98300.0,1.49,2022,28.0,1348.0,81.7,5.8,256.0,28.0,172.0,75.0
2022-23,Odisha,Jajapur,Jajapur,356.0,Rice,Autumn,11830.0,17300.0,1.46,2022,24.6,1395.0,79.2,5.56,279.0,32.0,168.0,45.0
2022-23,Odisha,Balangir,Balangir,345.0,Rice,Autumn,46150.0,66020.0,1.43,2022,27.0,1498.0,78.9,6.15,277.0,19.0,193.0,50.0
2022-23,Odisha,Sambalpur,Sambalpur,371.0,Rice,Autumn,38620.0,47630.0,1.23,2022,25.9,1544.0,80.1,6.12,269.0,23.0,155.0,56.0
2022-23,Odisha,Rayagada,Rayagada,370.0,Rice,Autumn,50.0,60.0,1.2,2022,27.4,1678.0,84.8,5.88,318.0,26.0,152.0,64.0
2022-23,Odisha,Jagatsinghapur,Jagatsinghapur,355.0,Rice,Autumn,230.0,250.0,1.09,2022,26.9,1540.0,85.7,5.9,301.0,20.0,165.0,82.0
2022-23,Odisha,Jharsuguda,Jharsuguda,357.0,Rice,Autumn,21730.0,17760.0,0.82,2022,28.4,1439.0,83.5,5.82,324.0,13.0,164.0,22.0
2021-22,Odisha,Sambalpur,Sambalpur,371.0,Rice,Summer,10601.0,51298.2,4.84,2021,27.5,1677.0,78.0,6.04,239.0,23.0,160.0,43.0
2021-22,Odisha,Jharsuguda,Jharsuguda,357.0,Rice,Summer,1206.0,5418.7,4.49,2021,28.2,1577.0,84.6,5.86,262.0,18.0,183.0,69.0
2021-22,Odisha,Bargarh,Bargarh,347.0,Rice,Summer,91146.0,406787.9,4.46,2021,26.3,1181.0,84.8,6.7,284.0,14.0,173.0,61.0
2021-22,Odisha,Sonepur,Sonepur,372.0,Rice,Summer,33464.0,134814.8,4.03,2021,25.6,1905.0,83.1,6.3,271.0,29.0,155.0,30.0
2021-22,Odisha,Kendujhar,Kendujhar,361.0,Rice,Summer,1664.0,6399.6,3.85,2021,26.4,1769.0,79.6,5.81,282.0,32.0,208.0,38.0
2021-22,Odisha,Cuttack,Cuttack,350.0,Rice,Summer,2573.0,9860.5,3.83,2021,27.0,1420.0,84.8,6.09,244.0,27.0,154.0,41.0
2021-22,Odisha,State Total,,,Rice,Summer,299319.0,1136489.8,3.796918337960504,2021,27.6,1518.0,83.7,5.73,260.0,26.0,177.0,50.0
2021-22,Odisha,Baleshwar,Balasore,346.0,Rice,Summer,38944.0,146622.8,3.76,2021,30.4,1688.0,69.5,6.6,228.0,26.0,148.0,51.0
2021-22,Odisha,Dhenkanal,Dhenkanal,352.0,Rice,Summer,153.0,546.8,3.57,2021,26.9,1419.0,84.6,6.75,254.0,24.0,154.0,67.0
2021-22,Odisha,Balangir,Balangir,345.0,Rice,Summer,5739.0,20409.6,3.56,2021,25.6,1581.0,74.3,6.7,309.0,26.0,158.0,80.0
2021-22,Odisha,Kalahandi,Kalahandi,358.0,Rice,Summer,24629.0,85315.7,3.46,2021,26.5,1649.0,84.7,5.74,278.0,23.0,202.0,62.0
2021-22,Odisha,Sonepur,Sonepur,372.0,Rice,Winter,88083.0,302937.3,3.44,2021,26.3,1267.0,81.4,6.16,338.0,20.0,167.0,58.0
2021-22,Odisha,Khordha,Khordha,362.0,Rice,Summer,940.0,3219.7,3.43,2021,27.7,1342.0,86.8,6.04,264.0,30.0,169.0,51.0
2021-22,Odisha,Boudh,Boudh,349.0,Rice,Winter,65697.0,208838.5,3.18,2021,24.7,1616.0,81.6,6.42,289.0,28.0,136.0,47.0
2021-22,Odisha,Puri,Puri,369.0,Rice,Summer,33593.0,106295.1,3.16,2021,27.1,1533.0,78.5,5.8,243.0,37.0,170.0,56.0
2021-22,Odisha,Jajapur,Jajapur,356.0,Rice,Summer,3101.0,9643.0,3.11,2021,27.2,1616.0,81.4,5.93,376.0,20.0,144.0,52.0
2021-22,Odisha,Nuapada,Nuapada,368.0,Rice,Summer,6569.0,20305.8,3.09,2021,27.3,1426.0,86.2,6.03,279.0,17.0,151.0,76.0
2021-22,Odisha,Kendujhar,Kendujhar,361.0,Rice,Winter,128539.0,394682.5,3.07,2021,26.1,1398.0,82.1,6.26,314.0,31.0,174.0,80.0
2021-22,Odisha,Rayagada,Rayagada,370.0,Rice,Winter,58974.0,181050.8,3.07,2021,26.6,1090.0,81.5,6.48,299.0,23.0,156.0,42.0
2021-22,Odisha,Koraput,Koraput,363.0,Rice,Summer,29037.0,88153.4,3.04,2021,24.9,1244.0,85.0,6.07,265.0,31.0,195.0,27.0
2021-22,Odisha,Koraput,Koraput,363.0,Rice,Winter,85922.0,259416.0,3.02,2021,26.3,1458.0,82.8,6.47,238.0,34.0,191.0,44.0
2021-22,Odisha,Dhenkanal,Dhenkanal,352.0,Rice,Winter,70803.0,209230.0,2.96,2021,26.2,1598.0,82.0,6.53,290.0,17.0,169.0,28.0
2021-22,Odisha,Nabarangpur,Nabarangpur,366.0,Rice,Winter,118215.0,337921.4,2.86,2021,27.6,1546.0,87.5,6.11,266.0,20.0,166.0,71.0
2021-22,Odisha,Boudh,Boudh,349.0,Rice,Summer,3539.0,10061.0,2.84,2021,25.3,1427.0,88.2,5.7,280.0,16.0,161.0,70.0
2021-22,Odisha,Nabarangpur,Nabarangpur,366.0,Rice,Summer,1117.0,3029.2,2.71,2021,28.2,1401.0,84.5,5.73,308.0,23.0,171.0,70.0
2021-22,Odisha,Bhadrak,Bhadrak,348.0,Rice,Summer,641.0,1728.2,2.7,2021,29.2,1489.0,80.9,6.44,288.0,20.0,174.0,69.0
2021-22,Odisha,Mayurbhanj,Mayurbhanj,365.0,Rice,Summer,4339.0,11585.9,2.67,2021,23.9,1464.0,88.0,6.01,298.0,14.0,160.0,68.0
2021-22,Odisha,Kendujhar,Kendujhar,361.0,Rice,Autumn,20792.0,55220.3,2.66,2021,27.6,1703.0,86.7,5.51,290.0,24.0,142.0,78.0
2021-22,Odisha,Mayurbhanj,Mayurbhanj,365.0,Rice,Winter,298545.0,792091.2,2.65,2021,28.0,1476.0,84.9,6.45,234.0,30.0,170.0,61.0
2021-22,Odisha,Puri,Puri,369.0,Rice,Autumn,22.0,58.0,2.64,2021,26.0,1183.0,77.1,6.25,334.0,19.0,169.0,64.0
2021-22,Odisha,Cuttack,Cuttack,350.0,Rice,Winter,107942.0,281458.3,2.61,2021,26.4,1221.0,82.6,5.64,326.0,30.0,152.0,55.0
2021-22,Odisha,Kandhamal,Kandhamal,359.0,Rice,Summer,436.0,1135.2,2.6,2021,26.8,1723.0,79.0,6.67,245.0,27.0,164.0,69.0
2021-22,Odisha,Malkangiri,Malkangiri,364.0,Rice,Winter,103200.0,267308.1,2.59,2021,26.6,1239.0,81.4,6.53,303.0,24.0,149.0,22.0
2021-22,Odisha,Jagatsinghapur,Jagatsinghapur,355.0,Rice,Summer,813.0,2058.5,2.53,2021,26.5,1588.0,83.0,6.26,262.0,19.0,177.0,69.0
2021-22,Odisha,Bhadrak,Bhadrak,348.0,Rice,Winter,158691.0,394939.1,2.49,2021,24.5,1402.0,82.4,5.69,259.0,22.0,168.0,70.0
2021-22,Odisha,Sambalpur,Sambalpur,371.0,Rice,Winter,84294.0,209213.6,2.48,2021,28.7,1419.0,80.1,5.64,285.0,35.0,169.0,85.0
2021-22,Odisha,Anugul,Anugul,344.0,Rice,Summer,116.0,286.6,2.47,2021,28.6,1426.0,87.1,6.08,346.0,22.0,179.0,37.0
2021-22,Odisha,Baleshwar,Balasore,346.0,Rice,Winter,186599.0,452185.4,2.42,2021,25.8,1670.0,75.2,5.51,322.0,27.0,209.0,61.0
2021-22,Odisha,Kendrapara,Kendrapara,360.0,Rice,Summer,1304.0,3143.5,2.41,2021,24.8,1415.0,84.9,6.36,306.0,23.0,166.0,55.0
2021-22,Odisha,Rayagada,Rayagada,370.0,Rice,Summer,1435.0,3396.1,2.37,2021,27.8,1444.0,74.6,5.64,245.0,19.0,177.0,35.0
2021-22,Odisha,Ganjam,Ganjam,354.0,Rice,Summer,276.0,652.7,2.36,2021,26.1,1174.0,83.5,6.27,374.0,27.0,187.0,77.0
2021-22,Odisha,State Total,,,Rice,Winter,3205368.0,7518380.6,2.3455592618382664,2021,27.2,1487.0,78.5,6.08,316.0,32.0,163.0,65.0
2021-22,Odisha,Kalahandi,Kalahandi,358.0,Rice,Winter,170479.0,395914.5,2.32,2021,26.5,1546.0,85.5,6.48,203.0,29.0,183.0,69.0
2021-22,Odisha,Anugul,Anugul,344.0,Rice,Winter,65340.0,149772.3,2.29,2021,28.0,1493.0,82.3,5.82,299.0,32.0,190.0,30.0
2021-22,Odisha,Malkangiri,Malkangiri,364.0,Rice,Summer,812.0,1862.0,2.29,2021,28.0,1702.0,83.0,6.31,268.0,25.0,165.0,42.0
2021-22,Odisha,Nuapada,Nuapada,368.0,Rice,Winter,59127.0,135344.7,2.29,2021,25.9,1460.0,77.9,5.64,299.0,24.0,222.0,50.0
2021-22,Odisha,Boudh,Boudh,349.0,Rice,Autumn,2292.0,5170.4,2.26,2021,24.9,1504.0,79.4,6.52,299.0,27.0,130.0,51.0
2021-22,Odisha,Gajapati,Gajapati,353.0,Rice,Winter,37550.0,84854.2,2.26,2021,24.6,1747.0,82.8,6.15,253.0,23.0,150.0,26.0
2021-22,Odisha,Nabarangpur,Nabarangpur,366.0,Rice,Autumn,15680.0,35365.3,2.26,2021,27.9,1171.0,84.3,6.4,349.0,22.0,142.0,46.0
2021-22,Odisha,Sundargarh,Sundargarh,373.0,Rice,Summer,737.0,1650.9,2.24,2021,25.2,1368.0,93.7,5.67,292.0,16.0,188.0,55.0
2021-22,Odisha,Khordha,Khordha,362.0,Rice,Winter,85714.0,190669.4,2.22,2021,26.2,1707.0,82.9,6.4,318.0,29.0,171.0,52.0
2021-22,Odisha,Bargarh,Bargarh,347.0,Rice,Winter,187387.0,397542.1,2.12,2021,26.1,1619.0,85.9,6.32,332.0,24.0,150.0,62.0
2021-22,Odisha,Ganjam,Ganjam,354.0,Rice,Winter,256991.0,543394.5,2.11,2021,26.9,1572.0,75.8,6.35,259.0,16.0,181.0,53.0
2021-22,Odisha,Gajapati,Gajapati,353.0,Rice,Summer,357.0,746.1,2.09,2021,24.1,1600.0,76.7,6.33,253.0,15.0,159.0,38.0
2021-22,Odisha,Nayagarh,Nayagarh,367.0,Rice,Winter,88430.0,180253.2,2.04,2021,27.3,1509.0,80.6,6.12,324.0,33.0,218.0,57.0
2021-22,Odisha,Sundargarh,Sundargarh,373.0,Rice,Winter,111281.0,227349.3,2.04,2021,27.8,1744.0,77.2,6.7,334.0,29.0,155.0,64.0
2021-22,Odisha,Rayagada,Rayagada,370.0,Rice,Autumn,723.0,1459.5,2.02,2021,27.1,1518.0,87.9,6.14,237.0,26.0,187.0,52.0
2021-22,Odisha,Deogarh,Deogarh,351.0,Rice,Summer,10.0,20.1,2.01,2021,26.5,1493.0,80.4,5.9,355.0,17.0,145.0,60.0
2021-22,Odisha,Koraput,Koraput,363.0,Rice,Autumn,16786.0,33591.2,2.0,2021,27.1,1479.0,87.5,6.18,277.0,23.0,176.0,100.0
2021-22,Odisha,Mayurbhanj,Mayurbhanj,365.0,Rice,Autumn,17785.0,35456.0,1.99,2021,27.6,1485.0,87.9,5.82,309.0,19.0,156.0,82.0
2021-22,Odisha,Deogarh,Deogarh,351.0,Rice,Winter,23304.0,46256.6,1.98,2021,22.8,1242.0,82.2,6.01,305.0,22.0,139.0,53.0
2021-22,Odisha,Khordha,Khordha,362.0,Rice,Autumn,11.0,21.3,1.94,2021,29.9,1589.0,84.0,6.13,251.0,23.0,124.0,43.0
2021-22,Odisha,Kendrapara,Kendrapara,360.0,Rice,Autumn,382.0,717.9,1.88,2021,27.6,1427.0,81.8,6.05,255.0,20.0,159.0,60.0
2021-22,Odisha,Nuapada,Nuapada,368.0,Rice,Autumn,32241.0,59434.1,1.84,2021,26.0,1778.0,84.2,6.28,212.0,17.0,185.0,56.0
2021-22,Odisha,Cuttack,Cuttack,350.0,Rice,Autumn,1307.0,2337.3,1.79,2021,26.4,1436.0,83.9,6.98,245.0,28.0,166.0,54.0
2021-22,Odisha,Kandhamal,Kandhamal,359.0,Rice,Winter,32714.0,58451.5,1.79,2021,27.7,1526.0,81.5,6.43,233.0,25.0,137.0,70.0
2021-22,Odisha,Jajapur,Jajapur,356.0,Rice,Winter,84706.0,147811.4,1.74,2021,26.8,1494.0,84.0,6.63,286.0,27.0,193.0,59.0
2021-22,Odisha,Sundargarh,Sundargarh,373.0,Rice,Autumn,80448.0,139518.6,1.73,2021,24.0,1337.0,88.9,6.0,333.0,30.0,173.0,67.0
2021-22,Odisha,Deogarh,Deogarh,351.0,Rice,Autumn,20125.0,34321.1,1.71,2021,30.1,1629.0,84.9,5.97,284.0,30.0,181.0,60.0
2021-22,Odisha,Anugul,Anugul,344.0,Rice,Autumn,2792.0,4734.4,1.7,2021,26.8,1793.0,83.3,6.05,297.0,32.0,174.0,99.0
2021-22,Odisha,Jagatsinghapur,Jagatsinghapur,355.0,Rice,Winter,87373.0,147789.1,1.69,2021,28.5,1447.0,82.5,6.54,312.0,29.0,216.0,34.0
2021-22,Odisha,Jagatsinghapur,Jagatsinghapur,355.0,Rice,Autumn,602.0,1012.1,1.68,2021,26.0,1396.0,77.9,5.34,309.0,26.0,169.0,81.0
2021-22,Odisha,Balangir,Balangir,345.0,Rice,Winter,114325.0,184667.5,1.62,2021,29.3,1386.0,77.9,5.79,271.0,22.0,149.0,22.0
2021-22,Odisha,Kendrapara,Kendrapara,360.0,Rice,Winter,121313.0,193758.8,1.6,2021,27.4,1109.0,83.3,6.24,234.0,18.0,187.0,72.0
2021-22,Odisha,Sambalpur,Sambalpur,371.0,Rice,Autumn,42194.0,66375.3,1.57,2021,27.9,1418.0,76.5,6.11,270.0,27.0,121.0,42.0
2021-22,Odisha,Nayagarh,Nayagarh,367.0,Rice,Summer,28.0,42.2,1.51,2021,25.4,1495.0,78.9,6.99,287.0,23.0,171.0,61.0
2021-22,Odisha,Sonepur,Sonepur,372.0,Rice,Autumn,10358.0,15511.7,1.5,2021,28.8,1640.0,87.1,6.38,254.0,34.0,157.0,86.0
2021-22,Odisha,Nayagarh,Nayagarh,367.0,Rice,Autumn,15.0,22.4,1.49,2021,28.0,1623.0,89.7,5.94,298.0,21.0,191.0,64.0
2021-22,Odisha,State Total,,,Rice,Autumn,443057.0,636229.7,1.435999656929018,2021,29.0,1375.0,75.3,5.57,275.0,25.0,166.0,71.0
2021-22,Odisha,Malkangiri,Malkangiri,364.0,Rice,Autumn,11885.0,16626.1,1.4,2021,26.1,1400.0,88.5,6.06,307.0,25.0,150.0,76.0
2021-22,Odisha,Kalahandi,Kalahandi,358.0,Rice,Autumn,26964.0,35476.8,1.32,2021,26.3,1652.0,81.2,5.68,257.0,17.0,168.0,58.0
2021-22,Odisha,Dhenkanal,Dhenkanal,352.0,Rice,Autumn,481.0,607.4,1.26,2021,30.5,1419.0,81.9,6.39,253.0,20.0,139.0,47.0
2021-22,Odisha,Puri,Puri,369.0,Rice,Winter,101514.0,126150.9,1.24,2021,25.4,1358.0,81.5,6.26,347.0,14.0,202.0,60.0
2021-22,Odisha,Kandhamal,Kandhamal,359.0,Rice,Autumn,1429.0,1605.2,1.12,2021,26.8,1701.0,86.3,6.33,286.0,25.0,160.0,65.0
2021-22,Odisha,Balangir,Balangir,345.0,Rice,Autumn,64333.0,58541.2,0.91,2021,28.7,1637.0,75.6,7.03,304.0,25.0,179.0,64.0
2021-22,Odisha,Jajapur,Jajapur,356.0,Rice,Autumn,12539.0,11246.5,0.9,2021,27.1,1453.0,83.8,5.84,247.0,28.0,152.0,81.0
2021-22,Odisha,Jharsuguda,Jharsuguda,357.0,Rice,Winter,22316.0,17128.4,0.77,2021,27.9,1343.0,78.2,6.12,272.0,20.0,174.0,47.0
2021-22,Odisha,Bargarh,Bargarh,347.0,Rice,Autumn,37163.0,13366.4,0.36,2021,26.4,1088.0,84.3,5.71,309.0,19.0,163.0,73.0
2021-22,Odisha,Jharsuguda,Jharsuguda,357.0,Rice,Autumn,23708.0,8433.2,0.36,2021,27.6,1556.0,88.2,6.17,340.0,22.0,204.0,39.0
2020-21,Odisha,Jharsuguda,Jharsuguda,357.0,Rice,Summer,1520.0,7160.0,4.71,2020,25.0,1289.0,82.0,6.84,260.0,26.0,136.0,90.0
2020-21,Odisha,Sambalpur,Sambalpur,371.0,Rice,Summer,16950.0,77440.0,4.57,2020,29.5,1097.0,83.5,6.43,257.0,19.0,157.0,61.0
2020-21,Odisha,Bargarh,Bargarh,347.0,Rice,Summer,90100.0,410330.0,4.55,2020,26.8,1735.0,83.6,6.15,284.0,26.0,155.0,41.0
2020-21,Odisha,Sonepur,Sonepur,372.0,Rice,Summer,36150.0,154970.0,4.29,2020,26.0,1567.0,78.8,6.3,232.0,26.0,140.0,54.0
2020-21,Odisha,Khordha,Khordha,362.0,Rice,Summer,1500.0,5850.0,3.9,2020,28.0,1245.0,88.0,5.72,284.0,28.0,162.0,47.0
2020-21,Odisha,State Total,,,Rice,Summer,339350.0,1295280.0,3.81694415794902,2020,26.3,1231.0,88.8,6.04,283.0,22.0,182.0,20.0
2020-21,Odisha,Cuttack,Cuttack,350.0,Rice,Summer,3200.0,12110.0,3.78,2020,25.0,1607.0,84.8,6.23,310.0,24.0,150.0,40.0
2020-21,Odisha,Kalahandi,Kalahandi,358.0,Rice,Summer,54840.0,197250.0,3.6,2020,25.0,1292.0,82.3,6.24,335.0,30.0,165.0,73.0
2020-21,Odisha,Boudh,Boudh,349.0,Rice,Winter,63290.0,225840.0,3.57,2020,28.0,1683.0,80.2,5.59,305.0,21.0,174.0,39.0
2020-21,Odisha,Sonepur,Sonepur,372.0,Rice,Winter,96160.0,338290.0,3.52,2020,26.8,1561.0,79.5,6.33,311.0,24.0,176.0,68.0
2020-21,Odisha,Baleshwar,Balasore,346.0,Rice,Summer,39180.0,135640.0,3.46,2020,26.8,1547.0,88.8,6.31,287.0,34.0,155.0,70.0
2020-21,Odisha,Balangir,Balangir,345.0,Rice,Summer,4560.0,15290.0,3.35,2020,28.6,1523.0,87.7,6.05,272.0,26.0,117.0,72.0
2020-21,Odisha,Jagatsinghapur,Jagatsinghapur,355.0,Rice,Summer,1130.0,3790.0,3.35,2020,25.3,1484.0,81.7,6.2,215.0,29.0,156.0,61.0
2020-21,Odisha,Kendujhar,Kendujhar,361.0,Rice,Summer,1740.0,5830.0,3.35,2020,25.9,1608.0,75.7,5.61,254.0,26.0,206.0,44.0
2020-21,Odisha,Puri,Puri,369.0,Rice,Summer,39040.0,130280.0,3.34,2020,26.4,1368.0,70.7,5.61,293.0,29.0,146.0,42.0
2020-21,Odisha,Dhenkanal,Dhenkanal,352.0,Rice,Summer,100.0,330.0,3.3,2020,27.1,1465.0,77.7,6.25,227.0,26.0,144.0,58.0
2020-21,Odisha,Kendrapara,Kendrapara,360.0,Rice,Summer,910.0,2900.0,3.19,2020,26.9,1585.0,81.5,5.93,294.0,23.0,169.0,77.0
2020-21,Odisha,Anugul,Anugul,344.0,Rice,Winter,60580.0,192000.0,3.17,2020,26.6,1551.0,87.6,6.2,271.0,23.0,165.0,71.0
2020-21,Odisha,Boudh,Boudh,349.0,Rice,Summer,1690.0,5360.0,3.17,2020,26.9,1235.0,79.4,6.54,249.0,23.0,151.0,43.0
2020-21,Odisha,Nuapada,Nuapada,368.0,Rice,Summer,6470.0,20190.0,3.12,2020,26.8,1360.0,84.0,6.13,269.0,27.0,165.0,37.0
2020-21,Odisha,Anugul,Anugul,344.0,Rice,Summer,480.0,1470.0,3.06,2020,25.9,1496.0,87.2,5.08,311.0,24.0,162.0,57.0
2020-21,Odisha,Baleshwar,Balasore,346.0,Rice,Winter,183520.0,559540.0,3.05,2020,25.8,1377.0,82.5,6.14,316.0,24.0,172.0,64.0
2020-21,Odisha,Kendujhar,Kendujhar,361.0,Rice,Winter,139110.0,424620.0,3.05,2020,27.4,1769.0,81.4,6.01,217.0,24.0,174.0,69.0
2020-21,Odisha,Bargarh,Bargarh,347.0,Rice,Winter,185160.0,555800.0,3.0,2020,25.7,1379.0,76.8,6.11,280.0,25.0,143.0,56.0
2020-21,Odisha,Dhenkanal,Dhenkanal,352.0,Rice,Winter,83950.0,251960.0,3.0,2020,25.3,1421.0,77.2,6.56,317.0,32.0,179.0,56.0
2020-21,Odisha,Jharsuguda,Jharsuguda,357.0,Rice,Winter,24250.0,72760.0,3.0,2020,26.5,1588.0,83.7,5.57,276.0,19.0,161.0,38.0
2020-21,Odisha,Sambalpur,Sambalpur,371.0,Rice,Winter,80300.0,241030.0,3.0,2020,26.8,1509.0,81.2,6.3,289.0,29.0,152.0,83.0
2020-21,Odisha,Koraput,Koraput,363.0,Rice,Winter,93840.0,280930.0,2.99,2020,30.4,1424.0,82.5,6.83,233.0,22.0,186.0,56.0
2020-21,Odisha,Nabarangpur,Nabarangpur,366.0,Rice,Winter,116810.0,349000.0,2.99,2020,25.9,1314.0,81.8,5.95,268.0,22.0,164.0,74.0
2020-21,Odisha,Rayagada,Rayagada,370.0,Rice,Summer,2470.0,7280.0,2.95,2020,28.4,1504.0,84.7,6.39,349.0,23.0,158.0,55.0
2020-21,Odisha,Deogarh,Deogarh,351.0,Rice,Summer,330.0,960.0,2.91,2020,28.1,1637.0,78.9,6.59,257.0,17.0,160.0,66.0
2020-21,Odisha,Cuttack,Cuttack,350.0,Rice,Winter,100540.0,290430.0,2.89,2020,25.2,1536.0,80.7,6.28,235.0,21.0,176.0,61.0
2020-21,Odisha,Rayagada,Rayagada,370.0,Rice,Winter,48440.0,139930.0,2.89,2020,28.2,1310.0,89.6,5.93,290.0,23.0,169.0,70.0
2020-21,Odisha,Ganjam,Ganjam,354.0,Rice,Winter,274790.0,785980.0,2.86,2020,25.2,1763.0,78.8,5.92,313.0,21.0,179.0,49.0
2020-21,Odisha,Jajapur,Jajapur,356.0,Rice,Summer,1680.0,4810.0,2.86,2020,23.0,1190.0,80.9,6.5,327.0,30.0,128.0,61.0
2020-21,Odisha,Bhadrak,Bhadrak,348.0,Rice,Summer,3700.0,10540.0,2.85,2020,27.9,1165.0,79.6,6.44,267.0,20.0,188.0,54.0
2020-21,Odisha,Nuapada,Nuapada,368.0,Rice,Winter,54170.0,151130.0,2.79,2020,24.4,1623.0,83.8,5.89,293.0,23.0,163.0,54.0
2020-21,Odisha,Boudh,Boudh,349.0,Rice,Autumn,2960.0,8200.0,2.77,2020,27.7,1491.0,86.1,5.73,304.0,21.0,176.0,75.0
2020-21,Odisha,Mayurbhanj,Mayurbhanj,365.0,Rice,Winter,311690.0,861310.0,2.76,2020,26.0,1351.0,80.0,5.69,308.0,30.0,193.0,65.0
2020-21,Odisha,Koraput,Koraput,363.0,Rice,Summer,23990.0,65870.0,2.75,2020,29.5,1252.0,80.3,6.86,266.0,17.0,192.0,40.0
2020-21,Odisha,Kalahandi,Kalahandi,358.0,Rice,Winter,168290.0,457030.0,2.72,2020,28.6,1868.0,80.9,6.17,345.0,26.0,138.0,56.0
2020-21,Odisha,Mayurbhanj,Mayurbhanj,365.0,Rice,Summer,4990.0,13590.0,2.72,2020,26.3,1471.0,84.1,7.14,261.0,30.0,185.0,52.0
2020-21,Odisha,State Total,,,Rice,Winter,3257750.0,8838580.0,2.713093392678996,2020,26.0,1546.0,79.0,6.42,310.0,31.0,170.0,60.0
2020-21,Odisha,Kendujhar,Kendujhar,361.0,Rice,Autumn,29920.0,79410.0,2.65,2020,25.2,1507.0,80.5,6.38,284.0,25.0,186.0,41.0
2020-21,Odisha,Malkangiri,Malkangiri,364.0,Rice,Winter,78140.0,205420.0,2.63,2020,26.3,1528.0,72.5,6.32,264.0,33.0,133.0,73.0
2020-21,Odisha,Kandhamal,Kandhamal,359.0,Rice,Summer,350.0,910.0,2.6,2020,26.6,1547.0,76.5,6.6,263.0,19.0,145.0,61.0
2020-21,Odisha,Nabarangpur,Nabarangpur,366.0,Rice,Autumn,18390.0,47490.0,2.58,2020,26.5,1582.0,81.6,5.81,264.0,21.0,170.0,41.0
2020-21,Odisha,Sonepur,Sonepur,372.0,Rice,Autumn,20210.0,51610.0,2.55,2020,27.2,1382.0,85.6,7.06,269.0,21.0,147.0,50.0
2020-21,Odisha,Balangir,Balangir,345.0,Rice,Winter,109380.0,274710.0,2.51,2020,27.9,1398.0,83.2,6.16,249.0,25.0,157.0,94.0
2020-21,Odisha,Gajapati,Gajapati,353.0,Rice,Winter,33050.0,82160.0,2.49,2020,27.5,1137.0,77.6,5.92,309.0,13.0,193.0,88.0
2020-21,Odisha,Khordha,Khordha,362.0,Rice,Winter,86770.0,213030.0,2.46,2020,25.9,1310.0,76.4,6.32,260.0,29.0,210.0,63.0
2020-21,Odisha,Deogarh,Deogarh,351.0,Rice,Winter,35710.0,87120.0,2.44,2020,24.8,1499.0,82.7,6.64,263.0,30.0,161.0,74.0
2020-21,Odisha,Koraput,Koraput,363.0,Rice,Autumn,13090.0,31980.0,2.44,2020,29.0,1638.0,75.4,5.8,302.0,23.0,184.0,79.0
2020-21,Odisha,Sambalpur,Sambalpur,371.0,Rice,Autumn,39420.0,96120.0,2.44,2020,26.0,1558.0,86.3,6.43,281.0,30.0,168.0,37.0
2020-21,Odisha,Sundargarh,Sundargarh,373.0,Rice,Winter,125490.0,306590.0,2.44,2020,26.0,1389.0,82.3,5.91,235.0,27.0,184.0,68.0
2020-21,Odisha,Jagatsinghapur,Jagatsinghapur,355.0,Rice,Winter,82010.0,199480.0,2.43,2020,26.2,1223.0,75.6,6.0,252.0,19.0,176.0,55.0
2020-21,Odisha,Sundargarh,Sundargarh,373.0,Rice,Summer,480.0,1140.0,2.38,2020,24.2,950.0,78.1,6.0,278.0,21.0,140.0,59.0
2020-21,Odisha,Nayagarh,Nayagarh,367.0,Rice,Winter,90620.0,213910.0,2.36,2020,26.3,1657.0,79.1,6.51,265.0,21.0,191.0,53.0
2020-21,Odisha,Malkangiri,Malkangiri,364.0,Rice,Summer,940.0,2140.0,2.28,2020,26.3,1344.0,78.9,5.76,311.0,26.0,148.0,37.0
2020-21,Odisha,Nabarangpur,Nabarangpur,366.0,Rice,Summer,520.0,1180.0,2.27,2020,27.9,1369.0,76.0,6.28,258.0,29.0,139.0,58.0
2020-21,Odisha,Jharsuguda,Jharsuguda,357.0,Rice,Autumn,21440.0,47080.0,2.2,2020,28.0,1474.0,78.5,6.06,251.0,27.0,189.0,32.0
2020-21,Odisha,Bhadrak,Bhadrak,348.0,Rice,Winter,148000.0,323480.0,2.19,2020,27.0,1197.0,79.3,5.86,250.0,21.0,158.0,49.0
2020-21,Odisha,Ganjam,Ganjam,354.0,Rice,Summer,120.0,260.0,2.17,2020,28.4,1387.0,79.2,5.71,299.0,25.0,182.0,75.0
2020-21,Odisha,Anugul,Anugul,344.0,Rice,Autumn,400.0,860.0,2.15,2020,27.5,1814.0,86.5,5.72,302.0,21.0,176.0,70.0
2020-21,Odisha,Bhadrak,Bhadrak,348.0,Rice,Autumn,2.0,4.3,2.15,2020,27.0,1541.0,82.4,5.55,226.0,32.0,146.0,50.0
2020-21,Odisha,Kandhamal,Kandhamal,359.0,Rice,Winter,41390.0,88840.0,2.15,2020,27.2,1515.0,78.0,6.56,307.0,22.0,133.0,79.0
2020-21,Odisha,Deogarh,Deogarh,351.0,Rice,Autumn,11160.0,23860.0,2.14,2020,26.7,1165.0,80.7,6.1,315.0,24.0,200.0,49.0
2020-21,Odisha,Puri,Puri,369.0,Rice,Winter,100490.0,214690.0,2.14,2020,26.4,1854.0,78.5,6.26,226.0,23.0,179.0,44.0
2020-21,Odisha,Cuttack,Cuttack,350.0,Rice,Autumn,760.0,1580.0,2.08,2020,26.6,1194.0,80.8,6.67,261.0,18.0,194.0,92.0
2020-21,Odisha,Sundargarh,Sundargarh,373.0,Rice,Autumn,68760.0,142780.0,2.08,2020,25.3,1796.0,85.5,5.71,335.0,24.0,161.0,68.0
2020-21,Odisha,Mayurbhanj,Mayurbhanj,365.0,Rice,Autumn,10660.0,22010.0,2.06,2020,27.4,1069.0,83.0,5.82,320.0,28.0,190.0,68.0
2020-21,Odisha,State Total,,,Rice,Autumn,432392.0,865274.3,2.0011339247719664,2020,25.5,1703.0,91.1,6.3,286.0,23.0,199.0,71.0
2020-21,Odisha,Gajapati,Gajapati,353.0,Rice,Summer,190.0,380.0,2.0,2020,28.3,1741.0,83.5,5.47,303.0,16.0,160.0,66.0
2020-21,Odisha,Jagatsinghapur,Jagatsinghapur,355.0,Rice,Autumn,350.0,700.0,2.0,2020,26.6,1302.0,78.3,5.97,359.0,23.0,160.0,47.0
2020-21,Odisha,Rayagada,Rayagada,370.0,Rice,Autumn,910.0,1780.0,1.96,2020,27.1,1526.0,85.2,5.83,303.0,20.0,167.0,48.0
2020-21,Odisha,Jajapur,Jajapur,356.0,Rice,Winter,113940.0,220140.0,1.93,2020,27.7,1549.0,86.3,6.33,242.0,24.0,164.0,63.0
2020-21,Odisha,Nuapada,Nuapada,368.0,Rice,Autumn,33450.0,64330.0,1.92,2020,28.0,1304.0,86.4,6.03,333.0,29.0,112.0,65.0
2020-21,Odisha,Kendrapara,Kendrapara,360.0,Rice,Autumn,1240.0,2320.0,1.87,2020,24.6,1189.0,77.6,7.0,255.0,20.0,146.0,72.0
2020-21,Odisha,Kendrapara,Kendrapara,360.0,Rice,Winter,127870.0,231430.0,1.81,2020,26.7,1213.0,81.4,6.58,320.0,23.0,171.0,56.0
2020-21,Odisha,Dhenkanal,Dhenkanal,352.0,Rice,Autumn,200.0,340.0,1.7,2020,28.3,1547.0,86.5,5.86,308.0,24.0,171.0,86.0
2020-21,Odisha,Balangir,Balangir,345.0,Rice,Autumn,49190.0,82940.0,1.69,2020,24.5,1435.0,75.3,6.05,316.0,17.0,170.0,38.0
2020-21,Odisha,Bargarh,Bargarh,347.0,Rice,Autumn,49430.0,81330.0,1.65,2020,27.6,1348.0,80.0,6.06,339.0,26.0,159.0,87.0
2020-21,Odisha,Kandhamal,Kandhamal,359.0,Rice,Autumn,4570.0,7000.0,1.53,2020,23.6,1624.0,76.3,7.52,234.0,23.0,124.0,79.0
2020-21,Odisha,Kalahandi,Kalahandi,358.0,Rice,Autumn,27460.0,41200.0,1.5,2020,25.5,1541.0,78.3,5.6,283.0,19.0,167.0,63.0
2020-21,Odisha,Malkangiri,Malkangiri,364.0,Rice,Autumn,14270.0,20570.0,1.44,2020,27.1,1314.0,78.0,6.28,353.0,17.0,169.0,63.0
2020-21,Odisha,Khordha,Khordha,362.0,Rice,Autumn,10.0,10.0,1.0,2020,24.5,1234.0,87.0,5.37,319.0,24.0,147.0,54.0
2020-21,Odisha,Nayagarh,Nayagarh,367.0,Rice,Summer,30.0,30.0,1.0,2020,25.5,1544.0,81.1,6.2,291.0,28.0,172.0,46.0
2020-21,Odisha,Nayagarh,Nayagarh,367.0,Rice,Autumn,10.0,10.0,1.0,2020,24.8,1353.0,78.5,6.96,249.0,26.0,170.0,51.0
2020-21,Odisha,Jajapur,Jajapur,356.0,Rice,Autumn,14130.0,9760.0,0.69,2020,29.5,1468.0,77.9,6.04,289.0,18.0,154.0,64.0
2019-20,Odisha,Cuttack,Cuttack,350.0,Rice,Summer,2050.0,8600.0,4.195121951219512,2019,27.2,1734.0,82.6,6.64,253.0,22.0,163.0,92.0
2019-20,Odisha,Sonepur,Sonepur,372.0,Rice,Summer,38200.0,156670.0,4.10130890052356,2019,27.9,1540.0,82.0,6.17,234.0,26.0,182.0,71.0
2019-20,Odisha,Jharsuguda,Jharsuguda,357.0,Rice,Summer,610.0,2490.0,4.081967213114754,2019,26.7,1295.0,87.4,6.03,305.0,30.0,171.0,36.0
2019-20,Odisha,Jharsuguda,Jharsuguda,357.0,Rice,Winter,29940.0,110820.0,3.701402805611224,2019,26.5,1479.0,84.0,6.1,287.0,32.0,146.0,43.0
2019-20,Odisha,Kalahandi,Kalahandi,358.0,Rice,Summer,34190.0,126130.0,3.689090377303305,2019,24.6,1279.0,76.3,5.97,258.0,25.0,196.0,72.0
2019-20,Odisha,Rayagada,Rayagada,370.0,Rice,Summer,3310.0,11760.0,3.5528700906344413,2019,26.6,1740.0,79.5,5.95,299.0,29.0,188.0,58.0
2019-20,Odisha,Sambalpur,Sambalpur,371.0,Rice,Summer,11550.0,40550.0,3.51082251082251,2019,25.9,1349.0,86.3,5.67,267.0,17.0,149.0,43.0
2019-20,Odisha,Baleshwar,Balasore,346.0,Rice,Summer,43710.0,149020.0,3.40928849233585,2019,28.3,1487.0,79.5,6.8,347.0,27.0,151.0,44.0
2019-20,Odisha,Khordha,Khordha,362.0,Rice,Summer,590.0,1970.0,3.3389830508474576,2019,28.7,1505.0,88.9,6.04,284.0,32.0,152.0,40.0
2019-20,Odisha,Rayagada,Rayagada,370.0,Rice,Winter,52130.0,172310.0,3.305390370228276,2019,29.2,1479.0,77.6,6.32,340.0,24.0,177.0,84.0
2019-20,Odisha,Cuttack,Cuttack,350.0,Rice,Winter,116810.0,384520.0,3.2918414519304853,2019,28.3,1097.0,84.3,5.85,257.0,31.0,179.0,57.0
2019-20,Odisha,Nabarangpur,Nabarangpur,366.0,Rice,Winter,105290.0,342380.0,3.251780795897046,2019,26.1,1190.0,78.6,6.65,306.0,31.0,177.0,58.0
2019-20,Odisha,Nuapada,Nuapada,368.0,Rice,Summer,8730.0,28200.0,3.2302405498281788,2019,25.3,1369.0,80.0,6.09,350.0,27.0,179.0,53.0
2019-20,Odisha,State Total,,,Rice,Summer,292610.0,932910.0,3.188236902361505,2019,28.1,1507.0,86.4,6.16,294.0,32.0,139.0,49.0
2019-20,Odisha,Sonepur,Sonepur,372.0,Rice,Winter,96450.0,307330.0,3.1864178330741315,2019,27.5,1425.0,81.5,5.47,325.0,23.0,154.0,35.0
2019-20,Odisha,Anugul,Anugul,344.0,Rice,Winter,57960.0,184170.0,3.177536231884058,2019,24.3,1278.0,85.3,6.36,224.0,23.0,127.0,63.0
2019-20,Odisha,Balangir,Balangir,345.0,Rice,Summer,2240.0,6960.0,3.107142857142857,2019,27.5,1207.0,83.9,6.92,310.0,32.0,182.0,77.0
2019-20,Odisha,Puri,Puri,369.0,Rice,Summer,27840.0,85890.0,3.0851293103448274,2019,28.2,1378.0,85.0,5.85,286.0,26.0,185.0,53.0
2019-20,Odisha,Kendujhar,Kendujhar,361.0,Rice,Winter,147690.0,455070.0,3.0812512695510867,2019,27.1,1366.0,78.4,6.02,312.0,18.0,187.0,63.0
2019-20,Odisha,Kendujhar,Kendujhar,361.0,Rice,Summer,2120.0,6390.0,3.0141509433962264,2019,26.7,1542.0,81.1,5.74,315.0,24.0,157.0,75.0
2019-20,Odisha,Kalahandi,Kalahandi,358.0,Rice,Winter,156190.0,469310.0,3.00473781932262,2019,25.8,1391.0,83.7,6.25,206.0,39.0,172.0,70.0
2019-20,Odisha,Anugul,Anugul,344.0,Rice,Summer,30.0,90.0,3.0,2019,24.8,1558.0,78.6,6.23,269.0,12.0,173.0,46.0
2019-20,Odisha,Koraput,Koraput,363.0,Rice,Summer,27570.0,81960.0,2.9727965179542983,2019,28.2,1343.0,88.5,6.48,262.0,31.0,195.0,53.0
2019-20,Odisha,Koraput,Koraput,363.0,Rice,Winter,86250.0,253870.0,2.9434202898550725,2019,26.5,1404.0,78.9,6.42,290.0,21.0,127.0,60.0
2019-20,Odisha,Sambalpur,Sambalpur,371.0,Rice,Winter,79090.0,228920.0,2.894424073839929,2019,26.6,1387.0,80.8,5.87,217.0,27.0,180.0,83.0
2019-20,Odisha,Mayurbhanj,Mayurbhanj,365.0,Rice,Summer,9250.0,26230.0,2.835675675675676,2019,29.6,1309.0,78.0,6.29,247.0,28.0,158.0,77.0
2019-20,Odisha,Jharsuguda,Jharsuguda,357.0,Rice,Autumn,21880.0,61270.0,2.800274223034735,2019,28.0,1563.0,73.4,6.07,320.0,17.0,158.0,56.0
2019-20,Odisha,Bhadrak,Bhadrak,348.0,Rice,Summer,930.0,2600.0,2.795698924731183,2019,27.6,1304.0,89.2,5.76,291.0,16.0,178.0,30.0
2019-20,Odisha,Boudh,Boudh,349.0,Rice,Winter,60260.0,167030.0,2.771822104215068,2019,27.2,1356.0,81.2,6.15,247.0,20.0,174.0,57.0
2019-20,Odisha,Nabarangpur,Nabarangpur,366.0,Rice,Autumn,16410.0,45480.0,2.7714808043875685,2019,29.3,1437.0,80.2,7.72,276.0,24.0,148.0,45.0
2019-20,Odisha,Dhenkanal,Dhenkanal,352.0,Rice,Winter,79990.0,221030.0,2.763220402550319,2019,29.6,1216.0,81.2,7.13,323.0,16.0,175.0,72.0
2019-20,Odisha,Boudh,Boudh,349.0,Rice,Summer,950.0,2570.0,2.705263157894737,2019,28.4,1392.0,87.7,6.26,221.0,27.0,173.0,45.0
2019-20,Odisha,Nabarangpur,Nabarangpur,366.0,Rice,Summer,2730.0,7310.0,2.677655677655677,2019,27.9,1322.0,78.1,6.9,278.0,27.0,198.0,48.0
2019-20,Odisha,Ganjam,Ganjam,354.0,Rice,Summer,30.0,80.0,2.6666666666666665,2019,23.9,1380.0,84.7,6.18,277.0,25.0,170.0,59.0
2019-20,Odisha,Sonepur,Sonepur,372.0,Rice,Autumn,17030.0,44580.0,2.6177334116265416,2019,27.2,1439.0,80.3,6.18,292.0,25.0,181.0,57.0
2019-20,Odisha,Khordha,Khordha,362.0,Rice,Winter,88470.0,230480.0,2.6051768961229795,2019,26.8,1306.0,79.6,5.42,303.0,17.0,135.0,45.0
2019-20,Odisha,Nayagarh,Nayagarh,367.0,Rice,Winter,86320.0,224550.0,2.6013670064874885,2019,27.1,1410.0,84.3,5.82,352.0,22.0,156.0,81.0
2019-20,Odisha,Ganjam,Ganjam,354.0,Rice,Winter,281440.0,726160.0,2.5801591813530416,2019,28.4,1686.0,86.0,5.89,304.0,24.0,146.0,42.0
2019-20,Odisha,Bargarh,Bargarh,347.0,Rice,Summer,69610.0,176110.0,2.5299525930182445,2019,22.9,1445.0,79.9,6.24,264.0,28.0,164.0,20.0
2019-20,Odisha,Gajapati,Gajapati,353.0,Rice,Winter,30790.0,77690.0,2.523221825267944,2019,26.1,1656.0,78.9,6.21,329.0,25.0,199.0,32.0
2019-20,Odisha,State Total,,,Rice,Winter,3222020.0,8052660.0,2.4992582293095635,2019,27.4,1512.0,77.3,5.97,255.0,32.0,130.0,61.0
2019-20,Odisha,Balangir,Balangir,345.0,Rice,Winter,121350.0,295310.0,2.433539348990524,2019,26.3,1589.0,86.4,5.96,300.0,27.0,159.0,57.0
2019-20,Odisha,Cuttack,Cuttack,350.0,Rice,Autumn,150.0,360.0,2.4,2019,24.9,1311.0,79.7,6.13,340.0,24.0,164.0,33.0
2019-20,Odisha,Dhenkanal,Dhenkanal,352.0,Rice,Summer,410.0,970.0,2.365853658536585,2019,28.3,1469.0,74.6,5.65,323.0,26.0,155.0,30.0
2019-20,Odisha,Malkangiri,Malkangiri,364.0,Rice,Winter,91450.0,212760.0,2.3265172225259705,2019,27.4,1474.0,87.6,5.95,313.0,32.0,193.0,58.0
2019-20,Odisha,Nuapada,Nuapada,368.0,Rice,Winter,51360.0,117270.0,2.2832943925233646,2019,25.5,1340.0,76.5,6.05,207.0,18.0,187.0,80.0
2019-20,Odisha,Rayagada,Rayagada,370.0,Rice,Autumn,1610.0,3660.0,2.2732919254658386,2019,27.5,1302.0,85.1,5.7,281.0,22.0,185.0,65.0
2019-20,Odisha,Puri,Puri,369.0,Rice,Winter,89810.0,203510.0,2.266006012693464,2019,28.2,1182.0,82.7,6.07,264.0,22.0,159.0,46.0
2019-20,Odisha,Baleshwar,Balasore,346.0,Rice,Winter,162390.0,366860.0,2.259129256727631,2019,27.0,1719.0,83.2,5.87,331.0,21.0,163.0,65.0
2019-20,Odisha,Kendujhar,Kendujhar,361.0,Rice,Autumn,27980.0,63090.0,2.2548248749106503,2019,28.2,1275.0,79.7,6.69,314.0,19.0,175.0,46.0
2019-20,Odisha,Mayurbhanj,Mayurbhanj,365.0,Rice,Winter,297110.0,663750.0,2.234021069637508,2019,27.1,1692.0,83.5,6.1,294.0,27.0,168.0,24.0
2019-20,Odisha,Koraput,Koraput,363.0,Rice,Autumn,11810.0,26130.0,2.212531752751905,2019,26.4,1366.0,75.3,6.12,313.0,22.0,149.0,63.0
2019-20,Odisha,Kandhamal,Kandhamal,359.0,Rice,Summer,100.0,220.0,2.2,2019,25.3,1295.0,84.4,6.37,262.0,27.0,180.0,62.0
2019-20,Odisha,Kendrapara,Kendrapara,360.0,Rice,Winter,125170.0,267710.0,2.138771271071343,2019,26.9,1562.0,88.2,6.42,307.0,22.0,123.0,72.0
2019-20,Odisha,Anugul,Anugul,344.0,Rice,Autumn,4070.000000000001,8640.0,2.122850122850122,2019,27.3,1336.0,85.5,5.51,288.0,18.0,186.0,69.0
2019-20,Odisha,Jagatsinghapur,Jagatsinghapur,355.0,Rice,Winter,79940.0,169200.0,2.1165874405804352,2019,28.3,1552.0,73.9,6.05,226.0,30.0,200.0,58.0
2019-20,Odisha,Kendrapara,Kendrapara,360.0,Rice,Summer,1760.0,3710.0,2.1079545454545454,2019,26.8,1390.0,78.1,5.84,297.0,33.0,172.0,69.0
2019-20,Odisha,Kalahandi,Kalahandi,358.0,Rice,Autumn,22040.0,46010.0,2.0875680580762253,2019,27.7,1536.0,81.2,6.14,310.0,25.0,183.0,46.0
2019-20,Odisha,Dhenkanal,Dhenkanal,352.0,Rice,Autumn,570.0,1180.0,2.0701754385964914,2019,25.6,1276.0,83.9,5.99,327.0,27.0,164.0,37.0
2019-20,Odisha,Kendrapara,Kendrapara,360.0,Rice,Autumn,870.0,1800.0,2.0689655172413794,2019,25.8,1600.0,81.6,6.26,303.0,33.0,144.0,31.0
2019-20,Odisha,Boudh,Boudh,349.0,Rice,Autumn,1830.0,3710.0,2.0273224043715845,2019,26.8,1538.0,80.0,5.81,320.0,27.0,192.0,48.0
2019-20,Odisha,Nayagarh,Nayagarh,367.0,Rice,Summer,10.0,20.0,2.0,2019,25.4,1284.0,84.4,5.97,224.0,30.0,147.0,67.0
2019-20,Odisha,Deogarh,Deogarh,351.0,Rice,Winter,37230.0,72740.0,1.9538006983615364,2019,28.2,1926.0,86.7,5.96,272.0,28.0,209.0,71.0
2019-20,Odisha,Sundargarh,Sundargarh,373.0,Rice,Winter,113770.0,216840.0,1.90595060209194,2019,27.7,1547.0,81.1,6.63,280.0,31.0,158.0,45.0
2019-20,Odisha,Nuapada,Nuapada,368.0,Rice,Autumn,33870.0,63510.0,1.87511071744907,2019,27.4,1862.0,84.9,6.35,273.0,26.0,166.0,65.0
2019-20,Odisha,Bargarh,Bargarh,347.0,Rice,Winter,184570.0,345220.0,1.870401473695617,2019,27.5,1738.0,71.7,6.35,282.0,25.0,165.0,67.0
2019-20,Odisha,Kandhamal,Kandhamal,359.0,Rice,Winter,36410.0,67940.0,1.865970887118924,2019,30.0,1416.0,78.2,6.09,265.0,27.0,173.0,71.0
2019-20,Odisha,Jajapur,Jajapur,356.0,Rice,Winter,121960.0,222660.0,1.825680551000328,2019,26.3,1376.0,80.7,6.05,311.0,17.0,153.0,64.0
2019-20,Odisha,State Total,,,Rice,Autumn,426080.0,769480.0,1.805951933909125,2019,23.7,1377.0,80.0,6.42,250.0,20.0,158.0,44.0
2019-20,Odisha,Malkangiri,Malkangiri,364.0,Rice,Summer,680.0,1220.0,1.7941176470588236,2019,27.3,1121.0,83.3,6.51,289.0,31.0,189.0,56.0
2019-20,Odisha,Bhadrak,Bhadrak,348.0,Rice,Winter,154430.0,275250.0,1.7823609402318203,2019,26.9,1325.0,86.1,6.21,288.0,31.0,136.0,42.0
2019-20,Odisha,Sambalpur,Sambalpur,371.0,Rice,Autumn,37370.0,65410.0,1.7503344929087503,2019,26.2,1494.0,84.0,6.66,290.0,26.0,151.0,40.0
2019-20,Odisha,Gajapati,Gajapati,353.0,Rice,Summer,240.0,420.0,1.75,2019,25.5,1725.0,79.5,6.71,252.0,19.0,147.0,80.0
2019-20,Odisha,Jagatsinghapur,Jagatsinghapur,355.0,Rice,Summer,1480.0,2470.0,1.6689189189189189,2019,26.3,1311.0,75.9,5.53,334.0,30.0,163.0,68.0
2019-20,Odisha,Mayurbhanj,Mayurbhanj,365.0,Rice,Autumn,15480.0,24580.0,1.5878552971576227,2019,27.3,1609.0,84.2,6.37,277.0,24.0,166.0,58.0
2019-20,Odisha,Balangir,Balangir,345.0,Rice,Autumn,50850.0,80570.0,1.584464110127827,2019,26.2,1225.0,74.6,6.18,235.0,18.0,161.0,44.0
2019-20,Odisha,Jagatsinghapur,Jagatsinghapur,355.0,Rice,Autumn,800.0,1210.0,1.5125,2019,30.6,1344.0,84.6,6.36,313.0,27.0,171.0,50.0
2019-20,Odisha,Sundargarh,Sundargarh,373.0,Rice,Autumn,78090.0,116660.0,1.4939172749391727,2019,25.6,1368.0,81.2,6.65,285.0,28.0,184.0,57.0
2019-20,Odisha,Malkangiri,Malkangiri,364.0,Rice,Autumn,12110.0,17960.0,1.4830718414533444,2019,25.8,1517.0,77.3,5.83,282.0,28.0,181.0,72.0
2019-20,Odisha,Deogarh,Deogarh,351.0,Rice,Autumn,11700.0,16680.0,1.4256410256410257,2019,23.6,1532.0,83.1,5.55,282.0,22.0,162.0,67.0
2019-20,Odisha,Sundargarh,Sundargarh,373.0,Rice,Summer,1040.0,1440.0,1.3846153846153846,2019,27.4,1623.0,82.0,6.64,299.0,21.0,170.0,58.0
2019-20,Odisha,Kandhamal,Kandhamal,359.0,Rice,Autumn,3240.0,4430.0,1.367283950617284,2019,24.0,1589.0,81.9,5.8,283.0,17.0,148.0,71.0
2019-20,Odisha,Bargarh,Bargarh,347.0,Rice,Autumn,45030.0,60670.0,1.347324006218077,2019,26.2,1494.0,81.7,5.93,258.0,32.0,191.0,48.0
2019-20,Odisha,Jajapur,Jajapur,356.0,Rice,Summer,650.0,860.0,1.323076923076923,2019,26.6,1520.0,83.7,6.28,235.0,25.0,169.0,85.0
2019-20,Odisha,Jajapur,Jajapur,356.0,Rice,Autumn,11280.0,11880.0,1.053191489361702,2019,25.9,1736.0,85.7,5.93,296.0,32.0,116.0,67.0
2019-20,Odisha,Gajapati,Gajapati,353.0,Rice,Autumn,10.0,10.0,1.0,2019,29.6,1358.0,84.0,5.56,232.0,23.0,158.0,23.0
2018-19,Odisha,Sambalpur,Sambalpur,371.0,Rice,Summer,11110.0,49810.0,4.483348334833483,2018,28.5,1589.0,86.0,6.21,324.0,33.0,147.0,49.0
2018-19,Odisha,Sonepur,Sonepur,372.0,Rice,Summer,35480.0,154010.0,4.340755355129651,2018,29.0,1125.0,81.8,5.89,252.0,15.0,185.0,53.0
2018-19,Odisha,Bargarh,Bargarh,347.0,Rice,Summer,69780.0,249680.0,3.578102608197191,2018,25.7,1524.0,88.5,6.44,255.0,25.0,153.0,84.0
2018-19,Odisha,Baleshwar,Balasore,346.0,Rice,Summer,38790.0,135450.0,3.491879350348028,2018,28.7,1363.0,84.3,6.0,251.0,20.0,151.0,57.0
2018-19,Odisha,State Total,,,Rice,Summer,274230.0,925810.0,3.376034715384896,2018,27.7,1450.0,79.8,5.92,237.0,21.0,155.0,58.0
2018-19,Odisha,Jharsuguda,Jharsuguda,357.0,Rice,Summer,680.0,2200.0,3.235294117647059,2018,28.2,1637.0,77.6,6.12,258.0,17.0,130.0,73.0
2018-19,Odisha,Dhenkanal,Dhenkanal,352.0,Rice,Winter,88450.0,278490.0,3.14855850763143,2018,28.5,1480.0,82.8,6.62,275.0,21.0,136.0,76.0
2018-19,Odisha,Boudh,Boudh,349.0,Rice,Summer,1550.0,4820.0,3.109677419354839,2018,25.6,1609.0,76.8,6.56,204.0,34.0,176.0,27.0
2018-19,Odisha,Anugul,Anugul,344.0,Rice,Summer,230.0,700.0,3.0434782608695654,2018,26.4,1715.0,78.1,5.76,199.0,21.0,149.0,67.0
2018-19,Odisha,Rayagada,Rayagada,370.0,Rice,Summer,3100.0,9370.0,3.02258064516129,2018,28.3,1520.0,83.0,7.32,260.0,29.0,188.0,38.0
2018-19,Odisha,Koraput,Koraput,363.0,Rice,Summer,28090.0,82890.0,2.950872196511214,2018,23.0,1661.0,79.6,6.07,316.0,14.0,144.0,56.0
2018-19,Odisha,Kalahandi,Kalahandi,358.0,Rice,Summer,39420.0,113500.0,2.8792491121258244,2018,29.3,1391.0,78.3,5.74,239.0,36.0,166.0,53.0
2018-19,Odisha,Puri,Puri,369.0,Rice,Summer,31170.0,88660.0,2.8444016682707733,2018,27.8,1449.0,81.9,6.56,282.0,24.0,158.0,72.0
2018-19,Odisha,Boudh,Boudh,349.0,Rice,Winter,60360.0,171270.0,2.837475149105368,2018,26.9,1356.0,82.3,6.06,335.0,29.0,142.0,100.0
2018-19,Odisha,Cuttack,Cuttack,350.0,Rice,Summer,780.0,2190.0,2.8076923076923075,2018,27.3,1638.0,81.2,7.06,239.0,30.0,168.0,34.0
2018-19,Odisha,Anugul,Anugul,344.0,Rice,Winter,61280.0,168350.0,2.7472258485639687,2018,25.5,1525.0,80.5,6.54,270.0,21.0,152.0,65.0
2018-19,Odisha,Koraput,Koraput,363.0,Rice,Winter,93000.0,254610.0,2.737741935483871,2018,26.5,1359.0,85.4,6.12,259.0,26.0,165.0,77.0
2018-19,Odisha,Sonepur,Sonepur,372.0,Rice,Winter,90260.0,244040.0,2.703744737425216,2018,28.7,1478.0,83.4,6.83,316.0,23.0,174.0,55.0
2018-19,Odisha,Nuapada,Nuapada,368.0,Rice,Summer,3060.0,8260.0,2.6993464052287583,2018,28.9,1637.0,81.1,6.54,301.0,21.0,147.0,48.0
2018-19,Odisha,Cuttack,Cuttack,350.0,Rice,Winter,96450.0,260150.0,2.6972524624157592,2018,31.0,1443.0,91.9,5.71,307.0,16.0,214.0,84.0
2018-19,Odisha,Kendujhar,Kendujhar,361.0,Rice,Summer,570.0,1530.0,2.6842105263157894,2018,26.9,1279.0,82.8,6.56,372.0,23.0,153.0,53.0
2018-19,Odisha,Kendrapara,Kendrapara,360.0,Rice,Summer,70.0,180.0,2.571428571428572,2018,26.0,1474.0,86.5,5.99,342.0,28.0,181.0,52.0
2018-19,Odisha,Balangir,Balangir,345.0,Rice,Summer,390.0,990.0,2.5384615384615383,2018,26.2,1093.0,79.8,6.17,282.0,29.0,163.0,59.0
2018-19,Odisha,Rayagada,Rayagada,370.0,Rice,Winter,46260.0,117080.0,2.5309122351923907,2018,25.5,1588.0,76.5,6.25,278.0,25.0,167.0,51.0
2018-19,Odisha,Baleshwar,Balasore,346.0,Rice,Winter,182830.0,452190.0,2.473281190176667,2018,26.9,1374.0,78.8,5.85,234.0,26.0,168.0,68.0
2018-19,Odisha,Mayurbhanj,Mayurbhanj,365.0,Rice,Summer,4450.0,10970.0,2.465168539325843,2018,27.6,1366.0,80.9,5.67,225.0,26.0,151.0,41.0
2018-19,Odisha,Nayagarh,Nayagarh,367.0,Rice,Winter,87470.0,209540.0,2.39556419343775,2018,26.9,1608.0,80.0,6.35,283.0,20.0,164.0,47.0
2018-19,Odisha,Kendujhar,Kendujhar,361.0,Rice,Winter,131130.0,314000.0,2.394570273774117,2018,28.6,1204.0,87.3,5.64,240.0,16.0,165.0,52.0
2018-19,Odisha,Dhenkanal,Dhenkanal,352.0,Rice,Summer,1030.0,2280.0,2.2135922330097086,2018,26.6,1800.0,81.5,5.17,307.0,21.0,168.0,69.0
2018-19,Odisha,Sundargarh,Sundargarh,373.0,Rice,Summer,240.0,530.0,2.208333333333333,2018,26.5,1364.0,83.8,5.87,257.0,16.0,157.0,68.0
2018-19,Odisha,Kandhamal,Kandhamal,359.0,Rice,Summer,100.0,220.0,2.2,2018,26.1,1356.0,81.8,6.33,265.0,28.0,164.0,80.0
2018-19,Odisha,Khordha,Khordha,362.0,Rice,Winter,87910.0,191540.0,2.178819246957115,2018,24.6,1634.0,80.3,6.09,231.0,36.0,139.0,53.0
2018-19,Odisha,Jagatsinghapur,Jagatsinghapur,355.0,Rice,Winter,79040.0,171820.0,2.173836032388664,2018,24.6,1578.0,82.2,6.71,359.0,29.0,159.0,64.0
2018-19,Odisha,Bhadrak,Bhadrak,348.0,Rice,Summer,1710.0,3660.0,2.1403508771929824,2018,25.2,1891.0,88.9,6.27,312.0,23.0,153.0,77.0
2018-19,Odisha,Puri,Puri,369.0,Rice,Winter,88980.0,186860.0,2.1000224769611147,2018,29.0,1412.0,78.9,5.89,260.0,24.0,166.0,59.0
2018-19,Odisha,Mayurbhanj,Mayurbhanj,365.0,Rice,Winter,308310.0,643560.0,2.0873795854821444,2018,28.3,1428.0,85.1,6.02,290.0,30.0,172.0,71.0
2018-19,Odisha,Malkangiri,Malkangiri,364.0,Rice,Summer,410.0,850.0,2.073170731707317,2018,29.1,1184.0,77.9,5.63,331.0,21.0,165.0,41.0
2018-19,Odisha,Kalahandi,Kalahandi,358.0,Rice,Winter,150800.0,307700.0,2.0404509283819627,2018,25.0,1390.0,80.2,6.63,253.0,25.0,200.0,71.0
2018-19,Odisha,Malkangiri,Malkangiri,364.0,Rice,Winter,83610.0,168910.0,2.0202128931945937,2018,24.0,1320.0,82.0,5.65,352.0,13.0,138.0,62.0
2018-19,Odisha,Boudh,Boudh,349.0,Rice,Autumn,2210.0,4450.0,2.013574660633484,2018,26.0,1369.0,83.3,5.83,249.0,18.0,189.0,51.0
2018-19,Odisha,Kandhamal,Kandhamal,359.0,Rice,Winter,34290.0,68980.0,2.0116652085156024,2018,27.3,1136.0,87.9,6.14,279.0,21.0,175.0,41.0
2018-19,Odisha,State Total,,,Rice,Winter,3130820.0,6280410.0,2.0059952344753134,2018,27.7,1749.0,81.8,6.2,227.0,27.0,165.0,58.0
2018-19,Odisha,Rayagada,Rayagada,370.0,Rice,Autumn,910.0,1770.0,1.945054945054945,2018,28.6,1195.0,78.6,5.6,196.0,20.0,127.0,66.0
2018-19,Odisha,Anugul,Anugul,344.0,Rice,Autumn,6900.0,13380.0,1.9391304347826088,2018,27.4,946.0,84.6,5.84,320.0,27.0,174.0,62.0
2018-19,Odisha,Kalahandi,Kalahandi,358.0,Rice,Autumn,21530.0,39440.0,1.831862517417557,2018,29.6,1236.0,80.5,6.31,288.0,25.0,158.0,57.0
2018-19,Odisha,Nabarangpur,Nabarangpur,366.0,Rice,Summer,590.0,1080.0,1.8305084745762712,2018,26.7,1341.0,83.0,6.65,224.0,33.0,170.0,74.0
2018-19,Odisha,Sonepur,Sonepur,372.0,Rice,Autumn,15070.0,27300.0,1.8115461181154613,2018,25.6,1243.0,81.5,6.34,228.0,19.0,137.0,74.0
2018-19,Odisha,Bhadrak,Bhadrak,348.0,Rice,Winter,149400.0,270580.0,1.8111111111111111,2018,24.5,1648.0,74.2,6.19,325.0,14.0,153.0,45.0
2018-19,Odisha,Jajapur,Jajapur,356.0,Rice,Winter,105410.0,189950.0,1.8020111943838344,2018,25.7,1425.0,84.0,5.58,280.0,12.0,163.0,55.0
2018-19,Odisha,Deogarh,Deogarh,351.0,Rice,Winter,40780.0,73160.0,1.794016674840608,2018,27.4,1455.0,84.3,5.95,335.0,23.0,193.0,52.0
2018-19,Odisha,Kendujhar,Kendujhar,361.0,Rice,Autumn,28990.0,51810.0,1.787167988961711,2018,25.7,1560.0,85.7,6.41,307.0,30.0,156.0,60.0
2018-19,Odisha,Ganjam,Ganjam,354.0,Rice,Winter,249170.0,436520.0,1.7518962957017297,2018,28.4,1501.0,89.2,6.63,283.0,25.0,127.0,57.0
2018-19,Odisha,Gajapati,Gajapati,353.0,Rice,Summer,410.0,690.0,1.6829268292682926,2018,29.1,1626.0,77.2,6.56,286.0,27.0,171.0,68.0
2018-19,Odisha,Ganjam,Ganjam,354.0,Rice,Summer,30.0,50.0,1.6666666666666667,2018,23.4,1250.0,84.1,6.26,266.0,24.0,195.0,42.0
2018-19,Odisha,Cuttack,Cuttack,350.0,Rice,Autumn,620.0,1000.0,1.6129032258064515,2018,28.3,1351.0,83.6,6.68,288.0,25.0,159.0,62.0
2018-19,Odisha,Nuapada,Nuapada,368.0,Rice,Winter,56240.0,88550.0,1.57450213371266,2018,23.6,1570.0,80.3,7.35,283.0,16.0,150.0,100.0
2018-19,Odisha,Bargarh,Bargarh,347.0,Rice,Winter,187090.0,287710.0,1.5378160243732963,2018,27.6,994.0,83.6,5.96,314.0,34.0,171.0,29.0
2018-19,Odisha,Kandhamal,Kandhamal,359.0,Rice,Autumn,3830.0,5710.0,1.4908616187989556,2018,28.8,1202.0,84.0,5.89,279.0,26.0,137.0,56.0
2018-19,Odisha,Deogarh,Deogarh,351.0,Rice,Autumn,14790.0,21610.0,1.4611223799864774,2018,27.1,1540.0,77.1,6.81,314.0,17.0,168.0,40.0
2018-19,Odisha,Kendrapara,Kendrapara,360.0,Rice,Winter,123760.0,178800.0,1.444731738849386,2018,25.1,1364.0,83.0,6.29,317.0,14.0,162.0,61.0
2018-19,Odisha,Balangir,Balangir,345.0,Rice,Winter,100910.0,145330.0,1.440194232484392,2018,26.1,1618.0,78.3,6.24,291.0,27.0,160.0,72.0
2018-19,Odisha,Jagatsinghapur,Jagatsinghapur,355.0,Rice,Summer,290.0,410.0,1.4137931034482758,2018,26.6,1596.0,79.4,6.36,239.0,23.0,161.0,63.0
2018-19,Odisha,Balangir,Balangir,345.0,Rice,Autumn,51780.0,70190.0,1.3555426805716493,2018,26.7,1234.0,74.9,5.94,279.0,23.0,152.0,80.0
2018-19,Odisha,Dhenkanal,Dhenkanal,352.0,Rice,Autumn,460.0,620.0,1.3478260869565215,2018,26.7,1523.0,80.1,5.79,218.0,31.0,155.0,67.0
2018-19,Odisha,Sundargarh,Sundargarh,373.0,Rice,Winter,98650.0,132090.0,1.338976178408515,2018,26.8,1666.0,81.2,5.89,243.0,21.0,150.0,78.0
2018-19,Odisha,Jajapur,Jajapur,356.0,Rice,Summer,450.0,600.0,1.3333333333333333,2018,27.3,1477.0,84.2,6.7,311.0,20.0,170.0,60.0
2018-19,Odisha,Kendrapara,Kendrapara,360.0,Rice,Autumn,1010.0,1340.0,1.3267326732673268,2018,25.2,1274.0,82.0,5.63,302.0,28.0,166.0,44.0
2018-19,Odisha,Nuapada,Nuapada,368.0,Rice,Autumn,32710.0,42490.0,1.2989911342097218,2018,26.6,1608.0,75.8,6.4,285.0,27.0,155.0,63.0
2018-19,Odisha,Bargarh,Bargarh,347.0,Rice,Autumn,47940.0,61970.0,1.292657488527326,2018,29.3,1564.0,85.4,5.98,274.0,18.0,175.0,60.0
2018-19,Odisha,Jagatsinghapur,Jagatsinghapur,355.0,Rice,Autumn,360.0,460.0,1.2777777777777777,2018,26.4,1548.0,81.5,6.06,259.0,28.0,174.0,61.0
2018-19,Odisha,Jajapur,Jajapur,356.0,Rice,Autumn,11040.0,13500.0,1.2228260869565215,2018,26.3,1579.0,84.0,6.5,267.0,34.0,200.0,71.0
2018-19,Odisha,Nabarangpur,Nabarangpur,366.0,Rice,Winter,116590.0,142560.0,1.2227463761900677,2018,28.6,911.0,85.9,6.54,319.0,22.0,183.0,47.0
2018-19,Odisha,Ganjam,Ganjam,354.0,Rice,Autumn,90.0,110.0,1.2222222222222223,2018,23.2,1609.0,87.7,6.34,302.0,21.0,165.0,60.0
2018-19,Odisha,Gajapati,Gajapati,353.0,Rice,Winter,40450.0,47330.0,1.17008652657602,2018,28.8,1775.0,89.8,5.45,237.0,20.0,144.0,47.0
2018-19,Odisha,State Total,,,Rice,Autumn,454370.0,527490.0,1.160926117481348,2018,26.1,1529.0,81.7,6.83,292.0,28.0,170.0,71.0
2018-19,Odisha,Nabarangpur,Nabarangpur,366.0,Rice,Autumn,11800.0,13320.0,1.128813559322034,2018,27.2,1485.0,83.2,6.72,290.0,28.0,141.0,48.0
2018-19,Odisha,Mayurbhanj,Mayurbhanj,365.0,Rice,Autumn,23940.0,26060.0,1.0885547201336676,2018,27.1,1575.0,77.7,6.24,343.0,18.0,178.0,63.0
2018-19,Odisha,Sambalpur,Sambalpur,371.0,Rice,Winter,71520.0,72670.0,1.016079418344519,2018,28.4,1511.0,86.2,6.2,223.0,30.0,159.0,40.0
2018-19,Odisha,Sundargarh,Sundargarh,373.0,Rice,Autumn,85370.0,85170.0,0.9976572566475342,2018,26.6,1567.0,77.3,6.92,258.0,30.0,189.0,58.0
2018-19,Odisha,Koraput,Koraput,363.0,Rice,Autumn,11210.0,10350.0,0.9232827832292596,2018,26.0,1450.0,74.8,6.58,319.0,25.0,143.0,63.0
2018-19,Odisha,Khordha,Khordha,362.0,Rice,Summer,250.0,230.0,0.92,2018,28.9,1312.0,85.3,6.19,246.0,13.0,164.0,74.0
2018-19,Odisha,Malkangiri,Malkangiri,364.0,Rice,Autumn,8730.0,5220.0,0.5979381443298969,2018,23.5,1269.0,79.9,6.08,368.0,28.0,169.0,65.0
2018-19,Odisha,Sambalpur,Sambalpur,371.0,Rice,Autumn,52710.0,23600.0,0.4477328780117625,2018,27.0,1270.0,85.1,6.12,244.0,16.0,152.0,68.0
2018-19,Odisha,Jharsuguda,Jharsuguda,357.0,Rice,Autumn,20370.0,6620.0,0.3249877270495827,2018,25.0,1203.0,83.6,6.67,286.0,28.0,193.0,55.0
2018-19,Odisha,Jharsuguda,Jharsuguda,357.0,Rice,Winter,20420.0,6070.0,0.2972575905974535,2018,25.9,1258.0,75.5,6.62,305.0,29.0,222.0,57.0
2017-18,Odisha,Sambalpur,Sambalpur,371.0,Rice,Summer,7920.0,31980.0,4.037878787878788,2017,30.0,1767.0,71.1,5.55,316.0,29.0,186.0,51.0
2017-18,Odisha,Sonepur,Sonepur,372.0,Rice,Summer,32850.0,124340.0,3.785083713850837,2017,26.9,1586.0,77.6,6.39,310.0,11.0,149.0,62.0
2017-18,Odisha,Boudh,Boudh,349.0,Rice,Summer,1040.0,3660.0,3.519230769230769,2017,27.3,1337.0,82.1,6.55,269.0,20.0,143.0,66.0
2017-18,Odisha,Baleshwar,Balasore,346.0,Rice,Summer,26490.0,90280.0,3.4080785201963004,2017,24.3,1380.0,77.1,5.6,317.0,28.0,159.0,66.0
2017-18,Odisha,Bargarh,Bargarh,347.0,Rice,Summer,64050.0,207920.0,3.2462138953942232,2017,25.9,1470.0,79.4,6.2,259.0,24.0,162.0,65.0
2017-18,Odisha,Khordha,Khordha,362.0,Rice,Summer,420.0,1320.0,3.142857142857143,2017,27.3,1332.0,76.2,5.49,266.0,16.0,156.0,77.0
2017-18,Odisha,State Total,,,Rice,Summer,221940.0,695400.0,3.133279264666126,2017,27.5,1462.0,82.7,6.25,301.0,22.0,138.0,55.0
2017-18,Odisha,Jagatsinghapur,Jagatsinghapur,355.0,Rice,Summer,900.0,2610.0,2.9,2017,27.9,1590.0,82.4,5.37,338.0,24.0,175.0,84.0
2017-18,Odisha,Jajapur,Jajapur,356.0,Rice,Summer,1260.0,3630.0,2.880952380952381,2017,27.0,1444.0,80.1,5.93,277.0,15.0,155.0,62.0
2017-18,Odisha,Kalahandi,Kalahandi,358.0,Rice,Summer,28660.0,82180.0,2.8674110258199583,2017,27.8,1510.0,87.6,5.96,254.0,33.0,171.0,47.0
2017-18,Odisha,Cuttack,Cuttack,350.0,Rice,Summer,350.0,990.0,2.8285714285714287,2017,27.7,1610.0,88.0,5.92,327.0,28.0,214.0,63.0
2017-18,Odisha,Koraput,Koraput,363.0,Rice,Summer,23570.0,65950.0,2.798048366567671,2017,24.3,1401.0,84.3,6.78,241.0,25.0,128.0,57.0
2017-18,Odisha,Rayagada,Rayagada,370.0,Rice,Summer,2050.0,5690.0,2.7756097560975608,2017,27.1,1501.0,74.8,6.41,349.0,20.0,164.0,58.0
2017-18,Odisha,Nabarangpur,Nabarangpur,366.0,Rice,Winter,88090.0,231440.0,2.627312975366103,2017,28.2,1394.0,77.6,6.04,251.0,22.0,166.0,72.0
2017-18,Odisha,Nuapada,Nuapada,368.0,Rice,Summer,2420.0,6350.0,2.62396694214876,2017,27.9,1445.0,83.6,5.83,307.0,21.0,165.0,49.0
2017-18,Odisha,Kendujhar,Kendujhar,361.0,Rice,Summer,920.0,2400.0,2.608695652173913,2017,26.5,1392.0,79.5,6.1,317.0,19.0,164.0,43.0
2017-18,Odisha,Bhadrak,Bhadrak,348.0,Rice,Summer,1510.0,3930.0,2.6026490066225167,2017,25.8,1355.0,80.1,5.79,312.0,25.0,170.0,61.0
2017-18,Odisha,Dhenkanal,Dhenkanal,352.0,Rice,Summer,150.0,390.0,2.6,2017,25.3,1481.0,85.6,6.59,293.0,30.0,142.0,48.0
2017-18,Odisha,Anugul,Anugul,344.0,Rice,Summer,100.0,250.0,2.5,2017,26.8,1552.0,84.0,7.0,287.0,23.0,165.0,60.0
2017-18,Odisha,Balangir,Balangir,345.0,Rice,Summer,1340.0,3330.0,2.485074626865672,2017,28.7,1476.0,87.3,6.62,227.0,22.0,155.0,70.0
2017-18,Odisha,Rayagada,Rayagada,370.0,Rice,Winter,47670.0,117540.0,2.465701699181875,2017,24.1,1540.0,80.3,6.33,258.0,25.0,143.0,37.0
2017-18,Odisha,Mayurbhanj,Mayurbhanj,365.0,Rice,Summer,4230.0,10260.0,2.425531914893617,2017,26.0,1317.0,87.5,6.13,310.0,28.0,158.0,72.0
2017-18,Odisha,Jharsuguda,Jharsuguda,357.0,Rice,Summer,590.0,1400.0,2.372881355932204,2017,25.3,1233.0,79.8,6.04,308.0,21.0,128.0,65.0
2017-18,Odisha,Koraput,Koraput,363.0,Rice,Winter,88440.0,203380.0,2.299638172772501,2017,28.2,1525.0,88.0,6.9,249.0,17.0,113.0,62.0
2017-18,Odisha,Puri,Puri,369.0,Rice,Summer,16510.0,37480.0,2.270139309509388,2017,26.2,1574.0,82.4,5.97,297.0,29.0,169.0,37.0
2017-18,Odisha,Ganjam,Ganjam,354.0,Rice,Summer,40.0,90.0,2.25,2017,26.3,1459.0,78.6,6.82,294.0,17.0,155.0,42.0
2017-18,Odisha,Nabarangpur,Nabarangpur,366.0,Rice,Summer,1120.0,2500.0,2.232142857142857,2017,26.7,1693.0,75.5,5.75,346.0,27.0,169.0,47.0
2017-18,Odisha,Gajapati,Gajapati,353.0,Rice,Summer,880.0,1960.0,2.227272727272727,2017,27.7,1613.0,80.8,6.08,270.0,24.0,180.0,51.0
2017-18,Odisha,Cuttack,Cuttack,350.0,Rice,Winter,106570.0,236580.0,2.219949329079478,2017,26.4,1933.0,81.0,5.51,267.0,20.0,192.0,59.0
2017-18,Odisha,Kalahandi,Kalahandi,358.0,Rice,Winter,126940.0,280150.0,2.206948164487159,2017,22.4,1414.0,85.4,6.26,253.0,31.0,179.0,77.0
2017-18,Odisha,Baleshwar,Balasore,346.0,Rice,Winter,185390.0,403290.0,2.1753600517827283,2017,27.8,1270.0,81.6,5.69,250.0,29.0,179.0,66.0
2017-18,Odisha,Kendujhar,Kendujhar,361.0,Rice,Winter,161790.0,351680.0,2.1736819333704185,2017,27.7,1317.0,80.3,6.87,298.0,27.0,165.0,52.0
2017-18,Odisha,Kandhamal,Kandhamal,359.0,Rice,Summer,120.0,260.0,2.1666666666666665,2017,26.7,1348.0,86.3,6.36,260.0,26.0,192.0,49.0
2017-18,Odisha,Puri,Puri,369.0,Rice,Autumn,80.0,170.0,2.125,2017,25.4,1536.0,81.1,6.41,323.0,26.0,148.0,79.0
2017-18,Odisha,Gajapati,Gajapati,353.0,Rice,Winter,37460.0,78160.0,2.0864922584089696,2017,27.5,1062.0,79.7,6.31,263.0,19.0,157.0,64.0
2017-18,Odisha,Nabarangpur,Nabarangpur,366.0,Rice,Autumn,35660.0,73720.0,2.067302299495233,2017,27.6,1687.0,84.3,5.76,339.0,21.0,138.0,73.0
2017-18,Odisha,Sonepur,Sonepur,372.0,Rice,Winter,79290.0,162210.0,2.045781309118426,2017,26.3,1407.0,80.0,6.25,300.0,16.0,172.0,46.0
2017-18,Odisha,Mayurbhanj,Mayurbhanj,365.0,Rice,Winter,301390.0,614540.0,2.039019210989084,2017,26.7,1406.0,84.6,6.93,294.0,25.0,154.0,62.0
2017-18,Odisha,Deogarh,Deogarh,351.0,Rice,Winter,24850.0,50240.0,2.0217303822937627,2017,25.6,1256.0,79.6,6.2,245.0,31.0,173.0,47.0
2017-18,Odisha,Sundargarh,Sundargarh,373.0,Rice,Winter,107390.0,211720.0,1.971505726790204,2017,26.7,1429.0,81.1,5.79,297.0,22.0,171.0,56.0
2017-18,Odisha,Bhadrak,Bhadrak,348.0,Rice,Winter,156750.0,303470.0,1.936012759170654,2017,24.7,1452.0,82.6,5.46,287.0,25.0,206.0,49.0
2017-18,Odisha,Jagatsinghapur,Jagatsinghapur,355.0,Rice,Winter,77340.0,149090.0,1.9277217481251616,2017,27.6,1428.0,80.5,5.91,307.0,21.0,147.0,56.0
2017-18,Odisha,Jagatsinghapur,Jagatsinghapur,355.0,Rice,Autumn,740.0,1390.0,1.8783783783783785,2017,25.6,1511.0,81.9,5.5,267.0,22.0,167.0,55.0
2017-18,Odisha,Boudh,Boudh,349.0,Rice,Winter,53780.0,100750.0,1.8733730011156564,2017,27.4,1344.0,85.3,6.53,234.0,22.0,162.0,37.0
2017-18,Odisha,Kendrapara,Kendrapara,360.0,Rice,Summer,70.0,130.0,1.8571428571428568,2017,24.9,1289.0,83.6,6.51,295.0,17.0,192.0,41.0
2017-18,Odisha,Jharsuguda,Jharsuguda,357.0,Rice,Winter,26010.0,47560.0,1.8285274894271435,2017,26.1,1549.0,83.9,5.85,290.0,30.0,160.0,64.0
2017-18,Odisha,Malkangiri,Malkangiri,364.0,Rice,Winter,90010.0,164360.0,1.826019331185424,2017,26.8,1468.0,79.5,6.45,294.0,24.0,139.0,60.0
2017-18,Odisha,Kendrapara,Kendrapara,360.0,Rice,Autumn,1570.0,2840.0,1.808917197452229,2017,24.5,1485.0,85.4,5.97,320.0,29.0,132.0,46.0
2017-18,Odisha,State Total,,,Rice,Winter,3014130.0,5279130.0,1.7514606204775507,2017,27.2,1641.0,84.7,6.18,252.0,26.0,166.0,50.0
2017-18,Odisha,Malkangiri,Malkangiri,364.0,Rice,Summer,2220.0,3850.0,1.7342342342342345,2017,26.4,1266.0,86.0,6.35,202.0,20.0,190.0,65.0
2017-18,Odisha,Sundargarh,Sundargarh,373.0,Rice,Summer,160.0,270.0,1.6875,2017,24.4,1296.0,79.1,6.02,302.0,22.0,162.0,78.0
2017-18,Odisha,Mayurbhanj,Mayurbhanj,365.0,Rice,Autumn,18470.0,30840.0,1.6697347049269085,2017,25.0,1676.0,81.3,6.37,299.0,16.0,181.0,70.0
2017-18,Odisha,Ganjam,Ganjam,354.0,Rice,Autumn,80.0,130.0,1.625,2017,27.9,1183.0,84.5,5.53,268.0,28.0,164.0,55.0
2017-18,Odisha,Deogarh,Deogarh,351.0,Rice,Autumn,21960.0,35540.0,1.6183970856102003,2017,28.3,1214.0,79.6,6.25,291.0,25.0,150.0,59.0
2017-18,Odisha,Khordha,Khordha,362.0,Rice,Winter,83590.0,134990.0,1.614906089245125,2017,26.8,1597.0,81.1,6.19,248.0,20.0,190.0,43.0
2017-18,Odisha,Kandhamal,Kandhamal,359.0,Rice,Winter,27150.0,43420.0,1.5992633517495396,2017,27.6,1493.0,89.7,5.38,211.0,16.0,121.0,64.0
2017-18,Odisha,Kendujhar,Kendujhar,361.0,Rice,Autumn,25650.0,40970.0,1.597270955165692,2017,27.3,1469.0,89.8,5.48,226.0,21.0,154.0,64.0
2017-18,Odisha,Ganjam,Ganjam,354.0,Rice,Winter,204750.0,322470.0,1.574945054945055,2017,27.5,1434.0,87.0,5.46,286.0,18.0,168.0,55.0
2017-18,Odisha,Puri,Puri,369.0,Rice,Winter,85110.0,134010.0,1.574550581600282,2017,28.9,1456.0,85.8,6.37,333.0,25.0,146.0,51.0
2017-18,Odisha,Kalahandi,Kalahandi,358.0,Rice,Autumn,43920.0,66810.0,1.5211748633879782,2017,24.7,1433.0,77.9,6.25,271.0,19.0,171.0,59.0
2017-18,Odisha,Koraput,Koraput,363.0,Rice,Autumn,12110.0,18390.0,1.518579686209744,2017,28.0,1694.0,84.1,6.31,313.0,34.0,184.0,67.0
2017-18,Odisha,Sundargarh,Sundargarh,373.0,Rice,Autumn,91410.0,137980.0,1.509462859643365,2017,26.4,1378.0,80.6,5.67,264.0,29.0,162.0,64.0
2017-18,Odisha,Jajapur,Jajapur,356.0,Rice,Winter,90920.0,133580.0,1.4692036955565333,2017,26.7,1421.0,77.8,6.66,283.0,22.0,159.0,80.0
2017-18,Odisha,Anugul,Anugul,344.0,Rice,Winter,82070.0,115460.0,1.4068478128426951,2017,26.5,1773.0,80.0,6.59,313.0,17.0,157.0,55.0
2017-18,Odisha,Dhenkanal,Dhenkanal,352.0,Rice,Winter,61040.0,84800.0,1.3892529488859764,2017,26.4,1455.0,82.5,5.89,290.0,23.0,152.0,60.0
2017-18,Odisha,Nayagarh,Nayagarh,367.0,Rice,Winter,90620.0,125110.0,1.3806003089825645,2017,25.2,1852.0,79.8,6.67,266.0,14.0,163.0,71.0
2017-18,Odisha,Kendrapara,Kendrapara,360.0,Rice,Winter,120240.0,165190.0,1.3738356620093146,2017,27.3,1431.0,79.8,6.1,255.0,29.0,157.0,56.0
2017-18,Odisha,Rayagada,Rayagada,370.0,Rice,Autumn,3190.0,4220.0,1.322884012539185,2017,29.5,1696.0,85.2,5.49,282.0,28.0,161.0,70.0
2017-18,Odisha,Jharsuguda,Jharsuguda,357.0,Rice,Autumn,21610.0,27960.0,1.2938454419250347,2017,26.9,1152.0,82.6,5.55,326.0,31.0,217.0,66.0
2017-18,Odisha,Kandhamal,Kandhamal,359.0,Rice,Autumn,2850.0,3330.0,1.168421052631579,2017,27.0,1478.0,82.9,6.49,230.0,21.0,149.0,67.0
2017-18,Odisha,Dhenkanal,Dhenkanal,352.0,Rice,Autumn,1450.0,1610.0,1.110344827586207,2017,26.0,1165.0,82.4,6.16,315.0,28.0,170.0,48.0
2017-18,Odisha,State Total,,,Rice,Autumn,530320.0,576840.0,1.0877206215115405,2017,26.8,1602.0,79.3,6.55,295.0,31.0,168.0,82.0
2017-18,Odisha,Boudh,Boudh,349.0,Rice,Autumn,4100.0,4240.0,1.0341463414634149,2017,27.7,1232.0,76.5,6.16,251.0,22.0,205.0,36.0
2017-18,Odisha,Cuttack,Cuttack,350.0,Rice,Autumn,2090.0,2140.0,1.0239234449760766,2017,26.4,1501.0,83.2,6.31,284.0,20.0,145.0,56.0
2017-18,Odisha,Sambalpur,Sambalpur,371.0,Rice,Winter,82540.0,84250.0,1.0207172280106616,2017,26.3,1399.0,80.0,7.05,278.0,31.0,164.0,72.0
2017-18,Odisha,Baleshwar,Balasore,346.0,Rice,Autumn,10.0,10.0,1.0,2017,27.6,1242.0,74.0,6.76,252.0,25.0,151.0,41.0
2017-18,Odisha,Gajapati,Gajapati,353.0,Rice,Autumn,30.0,30.0,1.0,2017,25.6,1159.0,80.4,6.03,266.0,26.0,170.0,76.0
2017-18,Odisha,Khordha,Khordha,362.0,Rice,Autumn,10.0,10.0,1.0,2017,27.4,1358.0,77.6,6.35,241.0,24.0,185.0,44.0
2017-18,Odisha,Malkangiri,Malkangiri,364.0,Rice,Autumn,7350.0,7080.0,0.963265306122449,2017,28.2,1763.0,84.8,6.4,212.0,18.0,150.0,36.0
2017-18,Odisha,Balangir,Balangir,345.0,Rice,Winter,100650.0,96790.0,0.9616492796820666,2017,29.0,1397.0,84.1,6.5,290.0,30.0,160.0,77.0
2017-18,Odisha,Anugul,Anugul,344.0,Rice,Autumn,9500.0,8800.0,0.9263157894736842,2017,26.9,1615.0,84.0,6.23,322.0,14.0,182.0,50.0
2017-18,Odisha,Sonepur,Sonepur,372.0,Rice,Autumn,15980.0,13950.0,0.8729662077596996,2017,29.1,1440.0,79.3,6.0,342.0,29.0,165.0,44.0
2017-18,Odisha,Nuapada,Nuapada,368.0,Rice,Winter,50650.0,38750.0,0.7650542941757157,2017,28.6,1608.0,84.9,6.2,246.0,23.0,166.0,79.0
2017-18,Odisha,Sambalpur,Sambalpur,371.0,Rice,Autumn,46920.0,35220.0,0.7506393861892583,2017,25.5,1121.0,83.3,6.01,360.0,23.0,149.0,38.0
2017-18,Odisha,Jajapur,Jajapur,356.0,Rice,Autumn,15150.0,10480.0,0.6917491749174918,2017,25.2,1377.0,80.4,6.87,338.0,21.0,195.0,50.0
2017-18,Odisha,Bargarh,Bargarh,347.0,Rice,Winter,175640.0,94150.0,0.5360396265087679,2017,26.5,1621.0,80.2,6.7,335.0,27.0,156.0,60.0
2017-18,Odisha,Balangir,Balangir,345.0,Rice,Autumn,54590.0,23810.0,0.4361604689503572,2017,28.5,1421.0,85.6,6.12,258.0,26.0,159.0,48.0
2017-18,Odisha,Nuapada,Nuapada,368.0,Rice,Autumn,36170.0,15320.0,0.4235554326790157,2017,26.9,1434.0,80.1,6.37,265.0,32.0,159.0,51.0
2017-18,Odisha,Bargarh,Bargarh,347.0,Rice,Autumn,57670.0,9850.0,0.1707993757586266,2017,26.1,1373.0,83.2,6.13,217.0,23.0,184.0,82.0
2016-17,Odisha,Bargarh,Bargarh,347.0,Rice,Summer,61220.0,269940.0,4.409343351845802,2016,29.3,1657.0,86.1,6.68,292.0,23.0,188.0,86.0
2016-17,Odisha,Sonepur,Sonepur,372.0,Rice,Summer,30790.0,128260.0,4.165638194218902,2016,27.4,1504.0,89.6,6.62,271.0,22.0,161.0,77.0
2016-17,Odisha,Sambalpur,Sambalpur,371.0,Rice,Summer,10270.0,40580.0,3.9513145082765337,2016,23.5,1458.0,88.7,6.43,291.0,25.0,165.0,48.0
2016-17,Odisha,State Total,,,Rice,Summer,224780.0,793690.0,3.5309636088619984,2016,27.5,1566.0,85.6,6.55,256.0,22.0,175.0,57.0
2016-17,Odisha,Boudh,Boudh,349.0,Rice,Summer,1510.0,5180.0,3.4304635761589406,2016,27.8,1556.0,76.0,6.46,309.0,30.0,169.0,59.0
2016-17,Odisha,Kendrapara,Kendrapara,360.0,Rice,Summer,420.0,1440.0,3.4285714285714284,2016,27.3,1488.0,79.2,6.67,297.0,31.0,181.0,59.0
2016-17,Odisha,Cuttack,Cuttack,350.0,Rice,Summer,1500.0,5120.0,3.4133333333333336,2016,27.7,1728.0,79.8,6.41,245.0,14.0,187.0,60.0
2016-17,Odisha,Cuttack,Cuttack,350.0,Rice,Winter,116190.0,388320.0,3.3421120578363026,2016,26.9,1439.0,88.6,6.26,283.0,18.0,152.0,61.0
2016-17,Odisha,Sonepur,Sonepur,372.0,Rice,Winter,91150.0,296450.0,3.2523313219967087,2016,25.0,1500.0,79.2,5.97,295.0,19.0,160.0,61.0
2016-17,Odisha,Baleshwar,Balasore,346.0,Rice,Summer,30900.0,98560.0,3.189644012944984,2016,26.4,1334.0,83.5,5.57,355.0,27.0,164.0,73.0
2016-17,Odisha,Boudh,Boudh,349.0,Rice,Winter,52340.0,164470.0,3.142338555598013,2016,25.6,1477.0,82.4,6.19,288.0,20.0,155.0,75.0
2016-17,Odisha,Puri,Puri,369.0,Rice,Summer,14780.0,46410.0,3.1400541271989173,2016,25.6,1736.0,78.3,5.9,252.0,27.0,120.0,89.0
2016-17,Odisha,Bhadrak,Bhadrak,348.0,Rice,Winter,155520.0,482500.0,3.102494855967078,2016,25.1,1334.0,83.5,6.22,274.0,31.0,149.0,35.0
2016-17,Odisha,Ganjam,Ganjam,354.0,Rice,Autumn,40.0,120.0,3.0,2016,27.7,1246.0,83.6,6.66,284.0,28.0,149.0,67.0
2016-17,Odisha,Jagatsinghapur,Jagatsinghapur,355.0,Rice,Winter,86500.0,259360.0,2.998381502890173,2016,27.1,1629.0,77.0,6.27,280.0,19.0,170.0,35.0
2016-17,Odisha,Bhadrak,Bhadrak,348.0,Rice,Summer,430.0,1260.0,2.9302325581395348,2016,26.3,1423.0,86.9,6.03,221.0,18.0,174.0,44.0
2016-17,Odisha,Nabarangpur,Nabarangpur,366.0,Rice,Winter,106910.0,310690.0,2.9060892339350857,2016,26.0,1467.0,73.7,5.86,273.0,11.0,171.0,81.0
2016-17,Odisha,Dhenkanal,Dhenkanal,352.0,Rice,Winter,74150.0,213240.0,2.8757923128792986,2016,27.0,1442.0,79.6,5.63,261.0,26.0,171.0,56.0
2016-17,Odisha,Jajapur,Jajapur,356.0,Rice,Summer,1140.0,3260.0,2.8596491228070176,2016,28.6,1464.0,85.9,6.73,276.0,18.0,147.0,50.0
2016-17,Odisha,Ganjam,Ganjam,354.0,Rice,Winter,243580.0,694540.0,2.851383529025372,2016,24.0,1603.0,77.2,5.49,359.0,24.0,136.0,56.0
2016-17,Odisha,Koraput,Koraput,363.0,Rice,Summer,26470.0,75320.0,2.8454854552323385,2016,27.6,1299.0,83.4,5.83,256.0,25.0,181.0,67.0
2016-17,Odisha,Balangir,Balangir,345.0,Rice,Winter,117510.0,332140.0,2.8264828525231893,2016,26.2,1268.0,76.8,5.27,335.0,17.0,135.0,69.0
2016-17,Odisha,Jagatsinghapur,Jagatsinghapur,355.0,Rice,Summer,140.0,390.0,2.7857142857142856,2016,24.2,1465.0,81.6,6.07,326.0,29.0,204.0,42.0
2016-17,Odisha,Jajapur,Jajapur,356.0,Rice,Winter,89880.0,249380.0,2.7745883400089006,2016,24.1,1161.0,72.7,6.06,309.0,19.0,171.0,62.0
2016-17,Odisha,Khordha,Khordha,362.0,Rice,Summer,280.0,770.0,2.75,2016,25.6,1203.0,78.6,6.04,285.0,21.0,167.0,45.0
2016-17,Odisha,Balangir,Balangir,345.0,Rice,Summer,1770.0,4860.0,2.7457627118644066,2016,27.3,1786.0,75.8,6.17,308.0,18.0,173.0,51.0
2016-17,Odisha,Baleshwar,Balasore,346.0,Rice,Winter,190930.0,519330.00000000006,2.7200020950086423,2016,27.6,1586.0,80.4,5.87,269.0,24.0,156.0,47.0
2016-17,Odisha,Nuapada,Nuapada,368.0,Rice,Summer,3870.0,10490.0,2.710594315245478,2016,25.6,1448.0,80.3,5.83,266.0,21.0,179.0,81.0
2016-17,Odisha,Mayurbhanj,Mayurbhanj,365.0,Rice,Summer,2840.0,7570.0,2.665492957746479,2016,28.5,1673.0,79.3,6.93,259.0,35.0,162.0,53.0
2016-17,Odisha,Puri,Puri,369.0,Rice,Winter,92960.0,246680.0,2.653614457831325,2016,29.1,1263.0,85.2,6.07,295.0,21.0,148.0,39.0
2016-17,Odisha,Kalahandi,Kalahandi,358.0,Rice,Winter,142030.0,376170.0,2.648524959515595,2016,27.6,1393.0,78.5,6.56,278.0,25.0,174.0,61.0
2016-17,Odisha,Kendujhar,Kendujhar,361.0,Rice,Summer,1010.0,2660.0,2.633663366336634,2016,26.1,1562.0,84.5,5.87,277.0,23.0,219.0,69.0
2016-17,Odisha,Khordha,Khordha,362.0,Rice,Winter,94780.0,249400.0,2.63135682633467,2016,28.7,1610.0,88.5,6.85,335.0,28.0,143.0,77.0
2016-17,Odisha,Kalahandi,Kalahandi,358.0,Rice,Summer,29950.0,78690.0,2.627378964941569,2016,28.1,1542.0,82.6,6.81,260.0,24.0,160.0,55.0
2016-17,Odisha,Dhenkanal,Dhenkanal,352.0,Rice,Summer,130.0,340.0,2.6153846153846154,2016,28.3,993.0,78.6,6.29,311.0,17.0,192.0,53.0
2016-17,Odisha,Kendrapara,Kendrapara,360.0,Rice,Winter,123690.0,321370.0,2.5981890209394454,2016,26.0,1276.0,77.0,5.76,267.0,25.0,155.0,72.0
2016-17,Odisha,Koraput,Koraput,363.0,Rice,Winter,86720.0,224790.0,2.5921356088560885,2016,22.7,1536.0,79.2,6.23,229.0,26.0,192.0,40.0
2016-17,Odisha,State Total,,,Rice,Winter,3226450.0,8343100.0,2.585845123897782,2016,30.2,1386.0,84.8,6.22,235.0,18.0,187.0,71.0
2016-17,Odisha,Nabarangpur,Nabarangpur,366.0,Rice,Summer,1440.0,3720.0,2.583333333333333,2016,24.6,1907.0,82.6,6.3,268.0,19.0,165.0,63.0
2016-17,Odisha,Gajapati,Gajapati,353.0,Rice,Winter,41540.0,103520.0,2.492055849783341,2016,26.9,1617.0,85.7,5.81,307.0,21.0,162.0,66.0
2016-17,Odisha,Jharsuguda,Jharsuguda,357.0,Rice,Winter,27560.0,67160.0,2.436865021770682,2016,30.6,1550.0,85.1,5.59,307.0,25.0,184.0,67.0
2016-17,Odisha,Ganjam,Ganjam,354.0,Rice,Summer,70.0,170.0,2.4285714285714284,2016,27.5,1249.0,82.6,6.26,277.0,22.0,149.0,44.0
2016-17,Odisha,Anugul,Anugul,344.0,Rice,Winter,71870.0,174370.0,2.426186169472659,2016,28.4,1444.0,83.9,6.2,307.0,13.0,180.0,61.0
2016-17,Odisha,Rayagada,Rayagada,370.0,Rice,Winter,56690.0,137230.0,2.4207091197742105,2016,24.7,1493.0,89.4,6.2,288.0,20.0,193.0,41.0
2016-17,Odisha,Anugul,Anugul,344.0,Rice,Summer,240.0,580.0,2.4166666666666665,2016,24.3,1653.0,87.7,6.61,276.0,30.0,190.0,74.0
2016-17,Odisha,Mayurbhanj,Mayurbhanj,365.0,Rice,Winter,286450.0,687030.0,2.398429045208588,2016,26.2,1609.0,80.8,5.61,315.0,27.0,185.0,49.0
2016-17,Odisha,Kandhamal,Kandhamal,359.0,Rice,Summer,360.0,850.0,2.361111111111111,2016,28.6,1636.0,86.0,6.6,327.0,27.0,145.0,77.0
2016-17,Odisha,Jharsuguda,Jharsuguda,357.0,Rice,Summer,530.0,1220.0,2.30188679245283,2016,26.5,1284.0,84.3,5.9,321.0,24.0,179.0,62.0
2016-17,Odisha,Nayagarh,Nayagarh,367.0,Rice,Winter,91610.0,209450.0,2.286322453880581,2016,25.8,1704.0,86.5,6.04,274.0,35.0,164.0,43.0
2016-17,Odisha,Rayagada,Rayagada,370.0,Rice,Summer,1930.0,4400.0,2.2797927461139897,2016,27.3,1202.0,84.7,5.87,305.0,24.0,144.0,43.0
2016-17,Odisha,Kendujhar,Kendujhar,361.0,Rice,Winter,171690.0,390550.0,2.2747393558157145,2016,28.6,1354.0,78.1,6.24,210.0,23.0,162.0,44.0
2016-17,Odisha,Bargarh,Bargarh,347.0,Rice,Winter,166480.0,374260.0,2.2480778471888514,2016,24.8,1528.0,75.5,5.44,292.0,22.0,136.0,50.0
2016-17,Odisha,Gajapati,Gajapati,353.0,Rice,Summer,570.0,1270.0,2.2280701754385963,2016,25.2,1423.0,84.3,5.97,298.0,22.0,161.0,64.0
2016-17,Odisha,Boudh,Boudh,349.0,Rice,Autumn,2780.0,5860.0,2.1079136690647484,2016,25.8,1269.0,89.6,5.99,290.0,28.0,163.0,27.0
2016-17,Odisha,Kendrapara,Kendrapara,360.0,Rice,Autumn,670.0,1370.0,2.044776119402985,2016,28.6,1302.0,78.9,6.71,277.0,14.0,176.0,43.0
2016-17,Odisha,Sundargarh,Sundargarh,373.0,Rice,Winter,127700.0,258690.0,2.025763508222396,2016,27.4,1171.0,81.2,6.26,331.0,18.0,186.0,53.0
2016-17,Odisha,Malkangiri,Malkangiri,364.0,Rice,Winter,89690.0,180750.0,2.0152748355446537,2016,30.2,1546.0,77.9,6.48,282.0,31.0,137.0,81.0
2016-17,Odisha,Sambalpur,Sambalpur,371.0,Rice,Winter,111940.0,224040.0,2.001429337144899,2016,28.4,1677.0,86.7,6.2,280.0,20.0,138.0,54.0
2016-17,Odisha,Malkangiri,Malkangiri,364.0,Rice,Summer,110.0,220.0,2.0,2016,26.9,1432.0,72.8,5.78,277.0,18.0,124.0,56.0
2016-17,Odisha,Nayagarh,Nayagarh,367.0,Rice,Summer,10.0,20.0,2.0,2016,28.9,1378.0,72.9,6.56,321.0,23.0,182.0,33.0
2016-17,Odisha,Nabarangpur,Nabarangpur,366.0,Rice,Autumn,39080.0,77310.0,1.9782497441146367,2016,27.3,1185.0,83.5,5.86,275.0,20.0,151.0,57.0
2016-17,Odisha,Kandhamal,Kandhamal,359.0,Rice,Winter,35040.0,65349.99999999999,1.8650114155251136,2016,25.9,1614.0,81.7,5.99,256.0,25.0,154.0,42.0
2016-17,Odisha,Jagatsinghapur,Jagatsinghapur,355.0,Rice,Autumn,1230.0,2220.0,1.804878048780488,2016,28.0,1848.0,80.1,6.27,281.0,18.0,164.0,70.0
2016-17,Odisha,Deogarh,Deogarh,351.0,Rice,Winter,21970.0,39470.0,1.7965407373691398,2016,26.0,1126.0,80.8,6.58,345.0,31.0,165.0,91.0
2016-17,Odisha,Cuttack,Cuttack,350.0,Rice,Autumn,1790.0,3210.0,1.7932960893854748,2016,26.6,1259.0,84.1,6.12,274.0,17.0,179.0,67.0
2016-17,Odisha,Sonepur,Sonepur,372.0,Rice,Autumn,12660.0,21970.0,1.735387045813586,2016,29.0,1328.0,80.3,6.8,307.0,24.0,122.0,41.0
2016-17,Odisha,Nuapada,Nuapada,368.0,Rice,Winter,61380.0,102400.0,1.668295861844249,2016,26.8,1348.0,77.6,5.97,275.0,24.0,161.0,68.0
2016-17,Odisha,Mayurbhanj,Mayurbhanj,365.0,Rice,Autumn,17380.0,28520.0,1.6409666283084006,2016,25.8,1491.0,78.3,6.47,275.0,25.0,140.0,45.0
2016-17,Odisha,Dhenkanal,Dhenkanal,352.0,Rice,Autumn,1090.0,1720.0,1.5779816513761469,2016,26.3,1741.0,85.6,6.2,265.0,24.0,199.0,53.0
2016-17,Odisha,Jharsuguda,Jharsuguda,357.0,Rice,Autumn,19150.0,30020.0,1.5676240208877286,2016,28.5,1632.0,79.9,6.82,242.0,24.0,176.0,60.0
2016-17,Odisha,Kalahandi,Kalahandi,358.0,Rice,Autumn,48820.0,70700.0,1.4481769766489143,2016,26.2,1545.0,76.5,6.29,281.0,24.0,172.0,77.0
2016-17,Odisha,Sundargarh,Sundargarh,373.0,Rice,Summer,90.0,130.0,1.4444444444444444,2016,26.4,1320.0,82.4,5.45,310.0,31.0,208.0,60.0
2016-17,Odisha,Kendujhar,Kendujhar,361.0,Rice,Autumn,20140.0,29040.0,1.441906653426018,2016,26.2,1248.0,84.0,6.64,340.0,23.0,162.0,67.0
2016-17,Odisha,Anugul,Anugul,344.0,Rice,Autumn,6730.0,9500.0,1.411589895988113,2016,27.3,1307.0,87.3,6.17,300.0,29.0,183.0,59.0
2016-17,Odisha,Koraput,Koraput,363.0,Rice,Autumn,11800.0,16100.000000000002,1.364406779661017,2016,26.4,1729.0,82.9,5.98,256.0,20.0,136.0,67.0
2016-17,Odisha,Jajapur,Jajapur,356.0,Rice,Autumn,14250.0,18830.0,1.3214035087719298,2016,24.6,1439.0,79.4,6.69,311.0,24.0,169.0,56.0
2016-17,Odisha,State Total,,,Rice,Autumn,511550.0,657520.0,1.2853484507868242,2016,25.7,1370.0,83.9,6.07,301.0,23.0,210.0,76.0
2016-17,Odisha,Kandhamal,Kandhamal,359.0,Rice,Autumn,5370.0,6900.0,1.2849162011173183,2016,25.6,1417.0,84.9,6.44,334.0,29.0,175.0,36.0
2016-17,Odisha,Deogarh,Deogarh,351.0,Rice,Autumn,19780.0,25400.0,1.2841253791708798,2016,28.9,1598.0,81.8,5.89,358.0,21.0,150.0,47.0
2016-17,Odisha,Balangir,Balangir,345.0,Rice,Autumn,78360.0,99540.0,1.270290964777948,2016,28.2,1214.0,81.8,5.87,328.0,21.0,145.0,41.0
2016-17,Odisha,Sundargarh,Sundargarh,373.0,Rice,Autumn,79950.0,93540.0,1.1699812382739212,2016,27.9,1705.0,83.0,6.92,271.0,23.0,134.0,48.0
2016-17,Odisha,Nayagarh,Nayagarh,367.0,Rice,Autumn,70.0,80.0,1.1428571428571428,2016,26.2,1478.0,81.7,5.89,279.0,24.0,174.0,43.0
2016-17,Odisha,Sambalpur,Sambalpur,371.0,Rice,Autumn,37850.0,42310.0,1.1178335535006605,2016,25.8,1411.0,83.0,5.97,326.0,13.0,182.0,65.0
2016-17,Odisha,Gajapati,Gajapati,353.0,Rice,Autumn,120.0,130.0,1.0833333333333333,2016,26.2,1530.0,77.9,5.52,267.0,20.0,168.0,48.0
2016-17,Odisha,Deogarh,Deogarh,351.0,Rice,Summer,10.0,10.0,1.0,2016,25.4,1489.0,77.4,6.85,280.0,30.0,149.0,57.0
2016-17,Odisha,Khordha,Khordha,362.0,Rice,Autumn,10.0,10.0,1.0,2016,30.7,1388.0,78.7,6.36,307.0,23.0,170.0,50.0
2016-17,Odisha,Malkangiri,Malkangiri,364.0,Rice,Autumn,6040.0,5550.0,0.9188741721854304,2016,23.6,1405.0,84.6,6.3,322.0,23.0,151.0,47.0
2016-17,Odisha,Nuapada,Nuapada,368.0,Rice,Autumn,32340.000000000004,29360.0,0.9078540507111936,2016,27.8,1294.0,83.0,6.59,293.0,27.0,189.0,60.0
2016-17,Odisha,Rayagada,Rayagada,370.0,Rice,Autumn,2770.0,2470.0,0.8916967509025271,2016,25.1,1568.0,86.2,5.67,184.0,27.0,157.0,38.0
2016-17,Odisha,Bargarh,Bargarh,347.0,Rice,Autumn,51280.0,35740.0,0.6969578783151326,2016,26.8,1354.0,81.3,5.98,297.0,33.0,147.0,42.0
2015-16,Odisha,Bargarh,Bargarh,347.0,Rice,Summer,73000.0,301000.0,4.123287671232877,2015,25.5,1278.0,77.4,6.16,274.0,27.0,154.0,33.0
2015-16,Odisha,Kendujhar,Kendujhar,361.0,Rice,Summer,1000.0,4000.0,4.0,2015,25.2,1480.0,86.6,5.58,251.0,22.0,173.0,47.0
2015-16,Odisha,Khordha,Khordha,362.0,Rice,Summer,1000.0,4000.0,4.0,2015,25.3,1689.0,81.9,6.72,286.0,24.0,140.0,57.0
2015-16,Odisha,Sonepur,Sonepur,372.0,Rice,Summer,29000.0,113000.0,3.896551724137931,2015,29.6,1441.0,87.1,6.19,324.0,28.0,178.0,75.0
2015-16,Odisha,Sambalpur,Sambalpur,371.0,Rice,Summer,8000.0,29000.0,3.625,2015,26.8,1341.0,84.4,6.07,245.0,29.0,160.0,45.0
2015-16,Odisha,State Total,,,Rice,Summer,234000.0,782000.0,3.341880341880342,2015,25.9,1523.0,90.8,6.29,341.0,19.0,167.0,82.0
2015-16,Odisha,Baleshwar,Balasore,346.0,Rice,Summer,29000.0,93000.0,3.206896551724138,2015,27.8,1799.0,81.1,5.9,319.0,27.0,162.0,56.0
2015-16,Odisha,Balangir,Balangir,345.0,Rice,Summer,1000.0,3000.0,3.0,2015,27.0,1189.0,85.6,6.22,318.0,33.0,210.0,65.0
2015-16,Odisha,Nuapada,Nuapada,368.0,Rice,Summer,6000.0,18000.0,3.0,2015,28.1,1519.0,85.6,7.57,256.0,23.0,162.0,61.0
2015-16,Odisha,Puri,Puri,369.0,Rice,Summer,27000.0,76000.0,2.814814814814815,2015,24.3,1487.0,79.8,6.44,276.0,24.0,182.0,67.0
2015-16,Odisha,Kalahandi,Kalahandi,358.0,Rice,Summer,16000.0,41000.0,2.5625,2015,27.5,1659.0,81.3,6.87,272.0,19.0,214.0,85.0
2015-16,Odisha,Koraput,Koraput,363.0,Rice,Summer,25000.0,64000.0,2.56,2015,28.2,1628.0,76.2,6.06,285.0,19.0,174.0,79.0
2015-16,Odisha,Jagatsinghapur,Jagatsinghapur,355.0,Rice,Winter,79000.0,202000.0,2.556962025316456,2015,24.5,1416.0,75.8,5.9,283.0,24.0,202.0,43.0
2015-16,Odisha,Bhadrak,Bhadrak,348.0,Rice,Winter,160000.0,402000.0,2.5125,2015,27.7,1147.0,82.5,6.32,274.0,28.0,167.0,52.0
2015-16,Odisha,Bhadrak,Bhadrak,348.0,Rice,Summer,2000.0,5000.0,2.5,2015,29.5,1595.0,85.2,5.66,279.0,23.0,181.0,64.0
2015-16,Odisha,Sonepur,Sonepur,372.0,Rice,Winter,86000.0,209000.0,2.4302325581395348,2015,27.0,1300.0,84.6,5.28,278.0,30.0,153.0,42.0
2015-16,Odisha,Malkangiri,Malkangiri,364.0,Rice,Summer,3000.0,7000.0,2.333333333333333,2015,28.2,1280.0,83.4,6.49,294.0,29.0,143.0,64.0
2015-16,Odisha,Cuttack,Cuttack,350.0,Rice,Winter,118000.0,239000.0,2.02542372881356,2015,28.0,1657.0,85.5,6.46,227.0,22.0,146.0,57.0
2015-16,Odisha,Boudh,Boudh,349.0,Rice,Summer,1000.0,2000.0,2.0,2015,25.9,1286.0,79.6,6.53,302.0,28.0,165.0,43.0
2015-16,Odisha,Cuttack,Cuttack,350.0,Rice,Summer,1000.0,2000.0,2.0,2015,27.1,1703.0,80.9,6.21,344.0,23.0,171.0,63.0
2015-16,Odisha,Jagatsinghapur,Jagatsinghapur,355.0,Rice,Autumn,1000.0,2000.0,2.0,2015,24.6,1510.0,85.0,6.99,323.0,24.0,143.0,73.0
2015-16,Odisha,Jajapur,Jajapur,356.0,Rice,Summer,1000.0,2000.0,2.0,2015,26.3,1507.0,83.7,6.17,252.0,29.0,137.0,44.0
2015-16,Odisha,Kendrapara,Kendrapara,360.0,Rice,Summer,2000.0,4000.0,2.0,2015,27.4,1505.0,81.2,5.98,322.0,36.0,127.0,82.0
2015-16,Odisha,Kendrapara,Kendrapara,360.0,Rice,Autumn,2000.0,4000.0,2.0,2015,28.1,1155.0,87.3,5.0,365.0,17.0,208.0,62.0
2015-16,Odisha,Mayurbhanj,Mayurbhanj,365.0,Rice,Summer,3000.0,6000.0,2.0,2015,27.0,1130.0,76.8,6.18,277.0,22.0,167.0,56.0
2015-16,Odisha,Nabarangpur,Nabarangpur,366.0,Rice,Summer,1000.0,2000.0,2.0,2015,28.1,1489.0,79.9,6.53,310.0,30.0,122.0,64.0
2015-16,Odisha,Rayagada,Rayagada,370.0,Rice,Summer,2000.0,4000.0,2.0,2015,25.3,1552.0,80.9,6.2,365.0,23.0,165.0,20.0
2015-16,Odisha,Koraput,Koraput,363.0,Rice,Winter,84000.0,163000.0,1.9404761904761905,2015,26.8,1465.0,85.3,6.65,321.0,22.0,162.0,70.0
2015-16,Odisha,Ganjam,Ganjam,354.0,Rice,Winter,242000.0,465000.0,1.921487603305785,2015,27.0,1302.0,82.0,7.12,339.0,32.0,137.0,62.0
2015-16,Odisha,Puri,Puri,369.0,Rice,Winter,105000.0,199000.0,1.8952380952380952,2015,29.8,1453.0,77.0,6.13,247.0,24.0,188.0,51.0
2015-16,Odisha,Kendrapara,Kendrapara,360.0,Rice,Winter,116000.0,213000.0,1.836206896551724,2015,26.7,1435.0,84.1,6.69,293.0,28.0,156.0,63.0
2015-16,Odisha,Dhenkanal,Dhenkanal,352.0,Rice,Winter,81000.0,131000.0,1.617283950617284,2015,26.3,1278.0,86.4,5.57,299.0,22.0,166.0,64.0
2015-16,Odisha,Bargarh,Bargarh,347.0,Rice,Winter,172000.0,267000.0,1.552325581395349,2015,27.0,1633.0,85.0,6.61,305.0,16.0,159.0,42.0
2015-16,Odisha,Cuttack,Cuttack,350.0,Rice,Autumn,2000.0,3000.0,1.5,2015,25.6,1139.0,84.5,6.23,313.0,21.0,166.0,59.0
2015-16,Odisha,State Total,,,Rice,Winter,3167000.0,4702000.0,1.4846858225449953,2015,27.3,1556.0,74.5,6.11,290.0,27.0,185.0,34.0
2015-16,Odisha,Baleshwar,Balasore,346.0,Rice,Winter,192000.0,283000.0,1.4739583333333333,2015,26.5,1519.0,78.4,6.13,239.0,25.0,177.0,85.0
2015-16,Odisha,Khordha,Khordha,362.0,Rice,Winter,98000.0,138000.0,1.4081632653061225,2015,24.3,1632.0,83.9,6.14,322.0,20.0,156.0,56.0
2015-16,Odisha,Malkangiri,Malkangiri,364.0,Rice,Winter,86000.0,120000.0,1.3953488372093024,2015,26.9,1269.0,81.8,6.08,298.0,34.0,197.0,53.0
2015-16,Odisha,Sundargarh,Sundargarh,373.0,Rice,Winter,114000.0,156000.0,1.368421052631579,2015,26.5,1468.0,84.1,6.28,244.0,25.0,196.0,37.0
2015-16,Odisha,Nabarangpur,Nabarangpur,366.0,Rice,Winter,116000.0,154000.0,1.3275862068965518,2015,24.6,1841.0,76.9,6.13,312.0,19.0,136.0,53.0
2015-16,Odisha,Jajapur,Jajapur,356.0,Rice,Winter,93000.0,116000.0,1.2473118279569892,2015,26.9,1569.0,81.8,5.74,304.0,30.0,143.0,57.0
2015-16,Odisha,Deogarh,Deogarh,351.0,Rice,Autumn,14000.0,17000.0,1.2142857142857142,2015,29.2,1468.0,76.4,6.37,304.0,29.0,153.0,62.0
2015-16,Odisha,Dhenkanal,Dhenkanal,352.0,Rice,Autumn,5000.0,6000.0,1.2,2015,27.8,1547.0,74.2,5.96,275.0,21.0,196.0,35.0
2015-16,Odisha,Rayagada,Rayagada,370.0,Rice,Winter,45000.0,54000.0,1.2,2015,27.9,1466.0,83.2,6.62,342.0,27.0,161.0,52.0
2015-16,Odisha,Kendujhar,Kendujhar,361.0,Rice,Winter,157000.0,185000.0,1.178343949044586,2015,25.0,1844.0,85.4,6.19,305.0,28.0,154.0,69.0
2015-16,Odisha,Jharsuguda,Jharsuguda,357.0,Rice,Winter,28000.0,32000.0,1.1428571428571428,2015,27.7,1627.0,83.0,6.25,257.0,26.0,164.0,63.0
2015-16,Odisha,Jajapur,Jajapur,356.0,Rice,Autumn,16000.0,18000.0,1.125,2015,27.2,1435.0,81.9,5.38,231.0,25.0,161.0,60.0
2015-16,Odisha,Balangir,Balangir,345.0,Rice,Winter,117000.0,129000.0,1.1025641025641026,2015,27.8,1495.0,75.8,5.7,258.0,15.0,162.0,68.0
2015-16,Odisha,Sambalpur,Sambalpur,371.0,Rice,Winter,91000.0,98000.0,1.0769230769230769,2015,27.6,1380.0,86.0,6.58,202.0,22.0,144.0,52.0
2015-16,Odisha,Kalahandi,Kalahandi,358.0,Rice,Winter,142000.0,152000.0,1.0704225352112675,2015,25.0,1668.0,81.8,5.91,276.0,24.0,149.0,46.0
2015-16,Odisha,Anugul,Anugul,344.0,Rice,Autumn,12000.0,12000.0,1.0,2015,26.9,1197.0,89.8,5.99,290.0,21.0,160.0,50.0
2015-16,Odisha,Gajapati,Gajapati,353.0,Rice,Summer,1000.0,1000.0,1.0,2015,25.9,1161.0,85.8,6.09,243.0,22.0,193.0,69.0
2015-16,Odisha,Koraput,Koraput,363.0,Rice,Autumn,13000.0,13000.0,1.0,2015,26.9,1713.0,74.0,6.75,266.0,28.0,191.0,71.0
2015-16,Odisha,Sundargarh,Sundargarh,373.0,Rice,Summer,1000.0,1000.0,1.0,2015,25.7,1838.0,85.0,6.35,339.0,22.0,183.0,58.0
2015-16,Odisha,Mayurbhanj,Mayurbhanj,365.0,Rice,Winter,278000.0,274000.0,0.9856115107913668,2015,29.0,1534.0,76.4,6.72,289.0,16.0,172.0,43.0
2015-16,Odisha,Gajapati,Gajapati,353.0,Rice,Winter,36000.0,35000.0,0.9722222222222222,2015,25.7,1470.0,79.0,6.09,339.0,21.0,113.0,55.0
2015-16,Odisha,Boudh,Boudh,349.0,Rice,Winter,55000.0,52000.0,0.9454545454545454,2015,25.7,1568.0,81.0,6.29,279.0,21.0,201.0,72.0
2015-16,Odisha,Kandhamal,Kandhamal,359.0,Rice,Winter,26000.0,24000.0,0.9230769230769232,2015,27.1,1334.0,81.6,5.72,279.0,23.0,187.0,69.0
2015-16,Odisha,Deogarh,Deogarh,351.0,Rice,Winter,33000.0,30000.0,0.9090909090909092,2015,25.4,1481.0,83.6,6.67,208.0,18.0,158.0,43.0
2015-16,Odisha,Malkangiri,Malkangiri,364.0,Rice,Autumn,10000.0,9000.0,0.9,2015,26.4,1457.0,77.9,6.24,311.0,22.0,152.0,61.0
2015-16,Odisha,Mayurbhanj,Mayurbhanj,365.0,Rice,Autumn,37000.0,33000.0,0.8918918918918919,2015,25.8,1563.0,77.4,6.22,324.0,20.0,169.0,56.0
2015-16,Odisha,Sundargarh,Sundargarh,373.0,Rice,Autumn,80000.0,71000.0,0.8875,2015,29.1,1170.0,84.4,6.34,273.0,28.0,166.0,52.0
2015-16,Odisha,Nuapada,Nuapada,368.0,Rice,Winter,60000.0,52000.0,0.8666666666666667,2015,28.2,1359.0,81.9,6.78,274.0,23.0,151.0,20.0
2015-16,Odisha,Nayagarh,Nayagarh,367.0,Rice,Winter,90000.0,77000.0,0.8555555555555555,2015,26.9,1602.0,82.7,6.11,313.0,27.0,195.0,43.0
2015-16,Odisha,Nabarangpur,Nabarangpur,366.0,Rice,Autumn,21000.0,17000.0,0.8095238095238095,2015,26.4,1328.0,73.2,6.87,259.0,25.0,152.0,79.0
2015-16,Odisha,Anugul,Anugul,344.0,Rice,Winter,67000.0,51000.0,0.7611940298507462,2015,28.4,1271.0,81.3,5.86,258.0,18.0,170.0,57.0
2015-16,Odisha,State Total,,,Rice,Autumn,541000.0,390000.0,0.7208872458410351,2015,27.6,1818.0,78.4,6.37,296.0,24.0,141.0,60.0
2015-16,Odisha,Kendujhar,Kendujhar,361.0,Rice,Autumn,25000.0,18000.0,0.72,2015,27.7,1457.0,78.3,7.0,264.0,32.0,160.0,57.0
2015-16,Odisha,Kalahandi,Kalahandi,358.0,Rice,Autumn,41000.0,29000.0,0.7073170731707317,2015,27.0,1346.0,85.7,6.0,306.0,16.0,187.0,64.0
2015-16,Odisha,Balangir,Balangir,345.0,Rice,Autumn,74000.0,49000.0,0.6621621621621622,2015,24.5,1145.0,77.6,6.3,253.0,29.0,166.0,67.0
2015-16,Odisha,Jharsuguda,Jharsuguda,357.0,Rice,Autumn,18000.0,11000.0,0.6111111111111112,2015,26.8,1581.0,77.6,6.55,338.0,24.0,153.0,67.0
2015-16,Odisha,Boudh,Boudh,349.0,Rice,Autumn,5000.0,3000.0,0.6,2015,26.2,1576.0,80.7,6.14,308.0,16.0,126.0,76.0
2015-16,Odisha,Rayagada,Rayagada,370.0,Rice,Autumn,5000.0,3000.0,0.6,2015,28.0,1396.0,83.8,5.6,287.0,27.0,158.0,65.0
2015-16,Odisha,Sambalpur,Sambalpur,371.0,Rice,Autumn,49000.0,28000.0,0.5714285714285714,2015,28.5,1252.0,78.5,5.78,254.0,29.0,158.0,84.0
2015-16,Odisha,Sonepur,Sonepur,372.0,Rice,Autumn,17000.0,9000.0,0.5294117647058824,2015,26.0,1446.0,86.9,6.43,248.0,24.0,180.0,81.0
2015-16,Odisha,Kandhamal,Kandhamal,359.0,Rice,Autumn,4000.0,2000.0,0.5,2015,27.7,1300.0,87.8,6.56,254.0,26.0,191.0,58.0
2015-16,Odisha,Bargarh,Bargarh,347.0,Rice,Autumn,62000.0,24000.0,0.3870967741935484,2015,29.6,1280.0,78.5,6.51,235.0,33.0,141.0,40.0
2015-16,Odisha,Nuapada,Nuapada,368.0,Rice,Autumn,27000.0,9000.0,0.3333333333333333,2015,26.0,1431.0,81.0,6.66,332.0,21.0,181.0,41.0
2015-16,Odisha,Nayagarh,Nayagarh,367.0,Rice,Autumn,1000.0,0.0,0.0,2015,29.5,1261.0,78.9,6.23,297.0,33.0,146.0,43.0
2014-15,Odisha,Jagatsinghapur,Jagatsinghapur,355.0,Rice,Summer,1000.0,4000.0,4.0,2014,25.7,1494.0,75.3,6.28,322.0,32.0,188.0,61.0
2014-15,Odisha,Khordha,Khordha,362.0,Rice,Summer,1000.0,4000.0,4.0,2014,27.0,1559.0,83.2,5.59,346.0,17.0,156.0,39.0
2014-15,Odisha,Bargarh,Bargarh,347.0,Rice,Summer,76000.0,303000.0,3.986842105263158,2014,27.0,1299.0,84.9,6.33,331.0,25.0,176.0,58.0
2014-15,Odisha,Sonepur,Sonepur,372.0,Rice,Summer,27000.0,106000.0,3.925925925925926,2014,27.0,1204.0,90.0,6.45,301.0,24.0,196.0,76.0
2014-15,Odisha,Sambalpur,Sambalpur,371.0,Rice,Summer,24000.0,91000.0,3.7916666666666665,2014,25.7,1731.0,78.4,5.97,271.0,30.0,131.0,67.0
2014-15,Odisha,Baleshwar,Balasore,346.0,Rice,Summer,38000.0,139000.0,3.657894736842105,2014,26.1,1281.0,87.3,6.46,311.0,30.0,168.0,55.0
2014-15,Odisha,Deogarh,Deogarh,351.0,Rice,Winter,29000.0,101000.0,3.4827586206896552,2014,26.0,1331.0,87.4,5.47,292.0,32.0,197.0,57.0
2014-15,Odisha,Sonepur,Sonepur,372.0,Rice,Winter,84000.0,290000.0,3.452380952380953,2014,27.5,1488.0,82.8,6.5,276.0,16.0,181.0,41.0
2014-15,Odisha,Dhenkanal,Dhenkanal,352.0,Rice,Winter,92000.0,312000.0,3.391304347826087,2014,27.5,1558.0,84.4,6.32,267.0,31.0,208.0,64.0
2014-15,Odisha,Balangir,Balangir,345.0,Rice,Winter,130000.0,438000.0,3.3692307692307693,2014,30.3,1404.0,85.5,7.04,323.0,27.0,155.0,62.0
2014-15,Odisha,State Total,,,Rice,Summer,301000.0,1002000.0,3.3289036544850497,2014,29.1,1533.0,89.9,6.77,337.0,15.0,187.0,36.0
2014-15,Odisha,Puri,Puri,369.0,Rice,Summer,31000.0,95000.0,3.064516129032258,2014,26.2,1378.0,83.9,6.8,275.0,31.0,179.0,61.0
2014-15,Odisha,Boudh,Boudh,349.0,Rice,Summer,1000.0,3000.0,3.0,2014,27.5,1275.0,81.8,6.53,270.0,18.0,166.0,62.0
2014-15,Odisha,Cuttack,Cuttack,350.0,Rice,Summer,1000.0,3000.0,3.0,2014,28.5,1707.0,78.5,6.46,309.0,28.0,145.0,55.0
2014-15,Odisha,Rayagada,Rayagada,370.0,Rice,Summer,5000.0,15000.0,3.0,2014,27.0,1898.0,83.2,5.73,263.0,21.0,169.0,46.0
2014-15,Odisha,Rayagada,Rayagada,370.0,Rice,Winter,54000.0,161000.0,2.9814814814814814,2014,26.9,1755.0,86.1,6.07,306.0,23.0,204.0,54.0
2014-15,Odisha,Sundargarh,Sundargarh,373.0,Rice,Winter,118000.0,345000.0,2.9237288135593222,2014,27.1,1476.0,83.0,6.93,346.0,26.0,190.0,50.0
2014-15,Odisha,Kalahandi,Kalahandi,358.0,Rice,Summer,44000.0,123000.0,2.7954545454545454,2014,28.3,1780.0,78.9,5.62,270.0,23.0,175.0,39.0
2014-15,Odisha,Bargarh,Bargarh,347.0,Rice,Winter,174000.0,485000.0,2.7873563218390807,2014,25.7,1514.0,82.4,6.02,286.0,17.0,155.0,77.0
2014-15,Odisha,Ganjam,Ganjam,354.0,Rice,Winter,264000.0,715000.0,2.708333333333333,2014,26.5,1364.0,81.5,5.63,355.0,26.0,137.0,80.0
2014-15,Odisha,Balangir,Balangir,345.0,Rice,Autumn,73000.0,196000.0,2.684931506849315,2014,27.7,1534.0,83.1,6.78,272.0,18.0,161.0,55.0
2014-15,Odisha,Nuapada,Nuapada,368.0,Rice,Summer,3000.0,8000.0,2.6666666666666665,2014,27.5,1433.0,75.4,5.97,290.0,27.0,147.0,66.0
2014-15,Odisha,Anugul,Anugul,344.0,Rice,Winter,75000.0,196000.0,2.6133333333333333,2014,27.4,1273.0,84.2,6.82,252.0,18.0,158.0,35.0
2014-15,Odisha,Sambalpur,Sambalpur,371.0,Rice,Winter,103000.0,265000.0,2.5728155339805827,2014,26.4,1288.0,84.4,6.03,260.0,25.0,187.0,47.0
2014-15,Odisha,Kendujhar,Kendujhar,361.0,Rice,Winter,140000.0,354000.0,2.5285714285714285,2014,28.5,1594.0,83.8,6.0,237.0,26.0,190.0,57.0
2014-15,Odisha,Cuttack,Cuttack,350.0,Rice,Winter,120000.0,301000.0,2.5083333333333333,2014,30.2,1118.0,82.0,6.71,387.0,34.0,187.0,44.0
2014-15,Odisha,Jajapur,Jajapur,356.0,Rice,Summer,2000.0,5000.0,2.5,2014,27.6,1559.0,74.8,6.58,305.0,14.0,176.0,84.0
2014-15,Odisha,Kendujhar,Kendujhar,361.0,Rice,Summer,2000.0,5000.0,2.5,2014,26.7,1157.0,81.9,5.11,283.0,26.0,154.0,67.0
2014-15,Odisha,Nabarangpur,Nabarangpur,366.0,Rice,Winter,122000.0,303000.0,2.4836065573770494,2014,28.1,1068.0,86.2,6.38,248.0,18.0,174.0,60.0
2014-15,Odisha,Koraput,Koraput,363.0,Rice,Summer,25000.0,61000.0,2.44,2014,26.2,1119.0,78.6,6.44,221.0,26.0,130.0,32.0
2014-15,Odisha,Kalahandi,Kalahandi,358.0,Rice,Winter,139000.0,338000.0,2.431654676258993,2014,25.9,1804.0,74.0,6.28,293.0,23.0,187.0,46.0
2014-15,Odisha,Nuapada,Nuapada,368.0,Rice,Winter,58000.0,139000.0,2.396551724137931,2014,27.0,1415.0,75.8,5.94,280.0,28.0,143.0,55.0
2014-15,Odisha,Boudh,Boudh,349.0,Rice,Winter,53000.0,127000.0,2.39622641509434,2014,23.1,1466.0,83.3,6.21,303.0,31.0,192.0,54.0
2014-15,Odisha,State Total,,,Rice,Winter,3282000.0,7802000.0,2.37720901889092,2014,25.3,1705.0,83.5,6.04,309.0,22.0,152.0,44.0
2014-15,Odisha,Deogarh,Deogarh,351.0,Rice,Autumn,20000.0,47000.0,2.35,2014,26.5,1618.0,85.5,6.28,320.0,24.0,210.0,53.0
2014-15,Odisha,Balangir,Balangir,345.0,Rice,Summer,3000.0,7000.0,2.333333333333333,2014,25.0,1200.0,81.8,6.12,284.0,29.0,160.0,55.0
2014-15,Odisha,Mayurbhanj,Mayurbhanj,365.0,Rice,Winter,276000.0,623000.0,2.2572463768115942,2014,25.5,1606.0,76.0,5.95,307.0,21.0,163.0,30.0
2014-15,Odisha,Jagatsinghapur,Jagatsinghapur,355.0,Rice,Winter,82000.0,178000.0,2.1707317073170733,2014,26.3,1483.0,78.7,6.27,271.0,26.0,180.0,65.0
2014-15,Odisha,Khordha,Khordha,362.0,Rice,Winter,101000.0,219000.0,2.1683168316831685,2014,24.5,1388.0,85.3,6.52,255.0,28.0,138.0,54.0
2014-15,Odisha,Koraput,Koraput,363.0,Rice,Winter,90000.0,191000.0,2.1222222222222222,2014,26.4,1454.0,82.6,6.32,273.0,19.0,169.0,55.0
2014-15,Odisha,Sonepur,Sonepur,372.0,Rice,Autumn,17000.0,36000.0,2.117647058823529,2014,26.2,1680.0,84.6,5.98,312.0,16.0,145.0,46.0
2014-15,Odisha,Nayagarh,Nayagarh,367.0,Rice,Winter,90000.0,190000.0,2.111111111111111,2014,27.0,1291.0,83.7,6.33,306.0,25.0,179.0,58.0
2014-15,Odisha,Kandhamal,Kandhamal,359.0,Rice,Winter,36000.0,73000.0,2.0277777777777777,2014,28.7,1522.0,81.2,6.63,285.0,28.0,175.0,56.0
2014-15,Odisha,Baleshwar,Balasore,346.0,Rice,Winter,181000.0,362000.0,2.0,2014,27.3,1448.0,81.3,6.84,296.0,16.0,169.0,41.0
2014-15,Odisha,Cuttack,Cuttack,350.0,Rice,Autumn,1000.0,2000.0,2.0,2014,27.0,1127.0,89.4,6.68,341.0,26.0,190.0,66.0
2014-15,Odisha,Dhenkanal,Dhenkanal,352.0,Rice,Autumn,6000.0,12000.0,2.0,2014,27.1,1306.0,83.7,6.41,222.0,22.0,168.0,40.0
2014-15,Odisha,Ganjam,Ganjam,354.0,Rice,Summer,1000.0,2000.0,2.0,2014,27.3,1485.0,81.5,5.8,241.0,23.0,121.0,77.0
2014-15,Odisha,Kendrapara,Kendrapara,360.0,Rice,Summer,1000.0,2000.0,2.0,2014,25.5,1684.0,83.8,5.65,285.0,29.0,150.0,50.0
2014-15,Odisha,Malkangiri,Malkangiri,364.0,Rice,Summer,1000.0,2000.0,2.0,2014,26.8,1630.0,82.9,6.12,310.0,25.0,146.0,46.0
2014-15,Odisha,Mayurbhanj,Mayurbhanj,365.0,Rice,Summer,4000.0,8000.0,2.0,2014,27.5,1557.0,73.4,5.64,277.0,20.0,178.0,27.0
2014-15,Odisha,Sundargarh,Sundargarh,373.0,Rice,Summer,1000.0,2000.0,2.0,2014,24.9,1303.0,84.6,5.89,317.0,24.0,161.0,45.0
2014-15,Odisha,Sundargarh,Sundargarh,373.0,Rice,Autumn,77000.0,150000.0,1.948051948051948,2014,28.3,1774.0,89.3,6.13,180.0,23.0,152.0,85.0
2014-15,Odisha,Jajapur,Jajapur,356.0,Rice,Winter,114000.0,221000.0,1.9385964912280704,2014,28.6,1489.0,78.9,6.01,203.0,23.0,149.0,68.0
2014-15,Odisha,Bargarh,Bargarh,347.0,Rice,Autumn,57000.0,110000.0,1.9298245614035088,2014,26.1,1269.0,87.8,6.07,265.0,30.0,158.0,52.0
2014-15,Odisha,Anugul,Anugul,344.0,Rice,Autumn,15000.0,28000.0,1.8666666666666667,2014,26.6,1417.0,81.0,5.67,378.0,21.0,173.0,58.0
2014-15,Odisha,Bhadrak,Bhadrak,348.0,Rice,Summer,6000.0,11000.0,1.8333333333333333,2014,25.7,1611.0,83.2,6.29,285.0,20.0,183.0,67.0
2014-15,Odisha,Puri,Puri,369.0,Rice,Winter,100000.0,182000.0,1.82,2014,28.0,1451.0,86.3,6.6,207.0,25.0,166.0,54.0
2014-15,Odisha,State Total,,,Rice,Autumn,583000.0,1036000.0,1.777015437392796,2014,25.4,1610.0,79.1,5.98,272.0,27.0,156.0,71.0
2014-15,Odisha,Malkangiri,Malkangiri,364.0,Rice,Winter,93000.0,165000.0,1.7741935483870968,2014,26.7,1649.0,87.0,6.49,307.0,23.0,166.0,50.0
2014-15,Odisha,Kalahandi,Kalahandi,358.0,Rice,Autumn,54000.0,90000.0,1.6666666666666667,2014,25.7,1522.0,77.1,7.27,319.0,18.0,141.0,42.0
2014-15,Odisha,Jharsuguda,Jharsuguda,357.0,Rice,Winter,46000.0,76000.0,1.6521739130434785,2014,27.1,1296.0,78.5,6.16,301.0,25.0,156.0,60.0
2014-15,Odisha,Kendujhar,Kendujhar,361.0,Rice,Autumn,34000.0,54000.0,1.588235294117647,2014,24.3,1474.0,79.6,6.46,277.0,36.0,194.0,56.0
2014-15,Odisha,Nabarangpur,Nabarangpur,366.0,Rice,Autumn,25000.0,39000.0,1.56,2014,29.0,1458.0,84.6,6.28,309.0,27.0,186.0,35.0
2014-15,Odisha,Mayurbhanj,Mayurbhanj,365.0,Rice,Autumn,36000.0,56000.0,1.5555555555555556,2014,25.6,1785.0,80.6,6.59,325.0,16.0,210.0,64.0
2014-15,Odisha,Nuapada,Nuapada,368.0,Rice,Autumn,31000.0,48000.0,1.5483870967741935,2014,27.1,1157.0,75.9,5.51,266.0,19.0,150.0,56.0
2014-15,Odisha,Jagatsinghapur,Jagatsinghapur,355.0,Rice,Autumn,2000.0,3000.0,1.5,2014,26.7,1426.0,81.1,5.78,281.0,24.0,217.0,78.0
2014-15,Odisha,Kendrapara,Kendrapara,360.0,Rice,Autumn,2000.0,3000.0,1.5,2014,25.9,1345.0,78.9,6.26,280.0,27.0,155.0,47.0
2014-15,Odisha,Gajapati,Gajapati,353.0,Rice,Winter,37000.0,55000.0,1.4864864864864864,2014,25.7,1510.0,84.9,6.55,225.0,21.0,152.0,56.0
2014-15,Odisha,Sambalpur,Sambalpur,371.0,Rice,Autumn,47000.0,67000.0,1.425531914893617,2014,28.4,1011.0,80.6,6.25,241.0,35.0,171.0,41.0
2014-15,Odisha,Kendrapara,Kendrapara,360.0,Rice,Winter,123000.0,175000.0,1.4227642276422765,2014,26.2,1651.0,82.3,5.53,204.0,27.0,175.0,66.0
2014-15,Odisha,Bhadrak,Bhadrak,348.0,Rice,Winter,158000.0,222000.0,1.4050632911392404,2014,27.4,1452.0,80.4,5.87,288.0,26.0,169.0,57.0
2014-15,Odisha,Boudh,Boudh,349.0,Rice,Autumn,5000.0,7000.0,1.4,2014,25.8,1118.0,83.7,5.88,275.0,30.0,163.0,58.0
2014-15,Odisha,Kandhamal,Kandhamal,359.0,Rice,Autumn,9000.0,11000.0,1.2222222222222223,2014,26.0,1385.0,81.3,6.36,273.0,25.0,206.0,52.0
2014-15,Odisha,Malkangiri,Malkangiri,364.0,Rice,Autumn,9000.0,11000.0,1.2222222222222223,2014,27.7,1560.0,83.3,5.9,284.0,14.0,141.0,45.0
2014-15,Odisha,Rayagada,Rayagada,370.0,Rice,Autumn,6000.0,7000.0,1.1666666666666667,2014,28.4,1164.0,71.6,5.93,303.0,22.0,143.0,63.0
2014-15,Odisha,Koraput,Koraput,363.0,Rice,Autumn,20000.0,23000.0,1.15,2014,26.7,1451.0,82.4,6.63,261.0,21.0,169.0,55.0
2014-15,Odisha,Anugul,Anugul,344.0,Rice,Summer,1000.0,1000.0,1.0,2014,24.9,1260.0,83.7,6.73,326.0,22.0,163.0,61.0
2014-15,Odisha,Jajapur,Jajapur,356.0,Rice,Autumn,13000.0,13000.0,1.0,2014,30.0,1350.0,81.2,6.03,229.0,25.0,166.0,59.0
2014-15,Odisha,Kandhamal,Kandhamal,359.0,Rice,Summer,1000.0,1000.0,1.0,2014,25.7,1455.0,84.7,6.37,285.0,27.0,211.0,65.0
2014-15,Odisha,Nayagarh,Nayagarh,367.0,Rice,Autumn,1000.0,1000.0,1.0,2014,24.7,1483.0,85.0,5.45,282.0,20.0,198.0,59.0
2014-15,Odisha,Nayagarh,Nayagarh,367.0,Rice,Summer,1000.0,1000.0,1.0,2014,30.9,1365.0,87.2,6.28,315.0,20.0,178.0,55.0
2014-15,Odisha,Jharsuguda,Jharsuguda,357.0,Rice,Autumn,23000.0,22000.0,0.9565217391304348,2014,26.4,1499.0,82.4,6.68,268.0,24.0,150.0,38.0
